text,variants,lines_settled,tranche,stratum,sampling_weight,clauses,categ_current,nearest_attested,recoverability,gold_categ,confidence,note
ppole,"ppole | ppole - | ppole? | PPOLE | ppole |- | ppole 32 | ppole 9 | ppole ? | ,; Ppole | ppole, | ppole-",15676,census_head,at_risk/full,1.0,initial_geminate,Clear:15494|Noisy:180|Trash:2,ppole attested 229x but pole is 8600x (stronger-twin),1.00,,,
ARCHAIA,"ARCHAIA | Archaia | ArchaiA | Archaia). | ARchaIA | Archaia 1999 | Archaia 2000 | Archaia 2001 | archaia | ARCHAIA 2000 | ARCHAIA). | Archaia 1998 | Archaia 2003 | Archaia. | ARCHAIA 2001 | ARCHAIA 2012 | ARCHAIA. | Archaia 01 | Archaia 2002 | © ARCHAIA 2001 | © ARCHAIA 2003 | """" ARCHAIA"" | ""ARCHAIA"" | ' ARCHAIA | , ARCHAIA | . ARCHAIA | . archaia | / ARCHAIA | : ARCHAIA — | ARCHAIA ' | ARCHAIA '— | ARCHAIA , | ARCHAIA .... | ARCHAIA 1998 | ARCHAIA 1999 | ARCHAIA 2003 | ARCHAIA 2009 | ARCHAIA 9/2005 | ARCHAIA ] | ARCHAIA ■ | ARCHAIA' | ARCHAIA- | ARCHAIA: | Archaia 9/2006 | Archaia, 1999 | © ARCHAIA | © ARCHAIA2000 | ©ARCHAIA 2001 | ‘ ARCHAIA | „ARCHAIA",1176,census_head,at_risk/full,1.0,vowel_run,Clear:1008|Trash:116|Noisy:52,,1.00,,,
ARCHAIA Brno o.p.s.,"ARCHAIA Brno o.p.s. | Archaia Brno o.p.s. | ARCHAIA BRNO o.p.s. | Archaia Brno o.p.s | ARCHAIA Brno o.p.s., | Archaia Brno o.p.s.). | ARCHAIA Brno o.p.s | Archaia Brno o.p.s.. | ARCHAIA BRNO O.P.S. | ARCHAIA Brno O.p.S., | Archaia Brno o.p.s., | Archaia Brno o.p.s, | ARCHAIA Brno o.p.S. | ARCHAIA Brno O.p.S. | ARCHAIA Brno O.p.s. | ARCHAIA Brno o.p.S | ARCHAIA Brno o.p.S., | ARCHAIA Brno o.p.s, | arCHAIA Brno o.p.s.",1121,census_head,at_risk/full,1.0,vowel_run,Noisy:680|Trash:441,,1.00,,,
Lepus europaeus,"Lepus europaeus | Lepus europaeus: | Lepus europaeus : | lepus europaeus | 9. Lepus europaeus | Lepus europaeus, | (Lepus europaeus) | 1 Lepus europaeus | 8 Lepus europaeus | Lepus Europaeus | Lepus Europaeus( ?) | Lepus europaeus 12 | Lepus europaeus 2 | Lepus europaeus- | | Lepus europaeus",976,census_head,at_risk/full,1.0,vowel_run,Clear:955|Noisy:16|Trash:5,,1.00,,,
ARCHAIA Olomouc o.p.s.,"ARCHAIA Olomouc o.p.s. | Archaia Olomouc o.p.s. | ARCHAIA OLOMOUC o.p.s. | ARCHAIA Olomouc o.p.S. | ARCHAIA Olomouc O.p.S. | ARCHAIA Olomouc o.p.s | ARCHAIA OLOMOUC o.p.S. | ARCHAIA OLOMOUC o.p.s | ARCHAIA Olomouc o.p.s, | ARCHAIA Olomouc o.p.s., | Archaia Olomouc o.p.s | [Archaia Olomouc o.p.s.",729,census_head,at_risk/full,1.0,vowel_run,Noisy:378|Trash:351,,1.00,,,
vodovod,"vodovod | VODOVOD | Vodovod | vodovod. | vodovod 200 | ""vodovod"" | vodovod, | vodovod? | 52-20, vodovod | : vodovod | — VODOVOD | ' _ vodovod | (vodovod) | - VODOVOD | - vodovod | 3. vodovod | vodovod) | vodovod: | ""vodovod”"" | 1. vodovod | 2 vodovod | 2.2 - vodovod | 5-vodovod | 6 vodovod | <— vodovod | >- Vodovod | VODOVOD 4 | VODOVOD — — | Vodovod 1997 -1998 | Vodovod. | \vodovod . | _ vodovod | voDOVOD | vodovod (?) | vodovod 04 | vodovod 1 | vodovod 17 | vodovod 175 018 | vodovod 18 | vodovod 3 15 | vodovod 30817 | vodovod 30818 | vodovod 31708 | vodovod 32013 | vodovod •• | vodovod). | vodovod, 1994 | vodovod. ' | vodovod.20 | vodovod?? | vodovod“. | — <— vodovod | — = VODOVOD | — vodovod | — — vodovod | —* VODOVOD | —*--- VODOVOD | —— VODOVOD | „ .— VODOVOD | „vodovod“",619,census_head,at_risk/full,1.0,low_variety,Clear:331|Trash:207|Noisy:81,,1.00,,,
"ARCHAIA Brno, o.p.s.","ARCHAIA Brno, o.p.s. | Archaia Brno, o.p.s. | ARCHAIA BRNO, O.P.S. | ARCHAIA BRNO, o.p.s. | Archaia Brno, o.p.s | ARCHAIA Brno, O.p.s. | Archaia Brno, o.p.s., | ARCHAIA Brno, O.p.S. | ARCHAIA Brno, o.p.S. | ARCHAIA Brno, o.p.s | ARCHAiA Brno, o.p.s.",536,census_head,at_risk/full,1.0,vowel_run,Noisy:422|Trash:114,,1.00,,,
Dauerleihe,"Dauerleihe | Dauerleihe . | Dauerleihe • | Dauerleihe : | 'Dauerleihe | .Dauerleihe | Dauerleihe , | [Dauerleihe | |Dauerleihe | ’Dauerleihe | • Dauerleihe | ... Dauerleihe | : Dauerleihe | : Dauerleihe , | ; Dauerleihe | ;Dauerleihe | Dauerleihe * | Dauerleihe ‘ | Dauerleihe, | Dauerleihe/ | dauerleihe | | Dauerleihe | ‘ Dauerleihe | ■Dauerleihe",305,census_head,at_risk/none,1.0,vowel_run,Clear:277|Trash:19|Noisy:9,,0.00,,,
Created by Archaia,Created by Archaia,299,census_head,at_risk/full,1.0,vowel_run,Clear:299,,1.00,,,
Miail,Miail,247,census_head,at_risk/full,1.0,vowel_run,Clear:247,"miail -> mail (4284, edit1)",1.00,,,
Triticum monococcum,"Triticum monococcum | Triticum monococcum _ | ■ Triticum monococcum | Triticum monococcum - | (Triticum monococcum). | (Triticum monococcum) | - Triticum monococcum | . Triticum monococcum | 1 Triticum monococcum | 39 Triticum monococcum | Triticum monococcum 2 | Triticum monococcum, | Triticum monococcum; 5; | □ Triticum monococcum",237,census_head,at_risk/full,1.0,low_variety,Clear:189|Noisy:48,,1.00,,,
Poertaeovy soubor,Poertaeovy soubor,233,census_head,at_risk/partial,1.0,vowel_run,Clear:233,,0.50,,,
Archaia JIH o.p.s.,Archaia JIH o.p.s. | ARCHAIA Jih o.p.s. | Archaia Jih o.p.s. | Archaia JIH o.p.s | ARCHAIA JIH o.p.s. | ARCHAIA JIH O.p.s. | ARCHAIA JIH o.P.s.2013 | ARCHAIA JIH o.p.s./. | ARCHAIA Jih O.p.S.,216,census_head,at_risk/full,1.0,vowel_run,Noisy:215|Trash:1,,1.00,,,
ARCHAIA Praha o.p.s.,"ARCHAIA Praha o.p.s. | Archaia Praha o.p.s. | Archaia Praha o.p.s.). | ARCHAIA Praha o.p.s | ARCHAIA Praha o.p.S. | Archaia Praha o.p.s.,",196,census_head,at_risk/full,1.0,vowel_run,Noisy:101|Trash:95,,1.00,,,
Archaia Praha,Archaia Praha | Archaia Praha). | Archaia Praha. | ARCHAIA Praha,196,census_head,at_risk/full,1.0,vowel_run,Clear:195|Noisy:1,,1.00,,,
"ARCHAIA Olomouc, o.p.s.","ARCHAIA Olomouc, o.p.s. | Archaia Olomouc, o.p.s.",190,census_head,at_risk/full,1.0,vowel_run,Noisy:184|Trash:6,,1.00,,,
Mioil,Mioil,179,census_head,at_risk/full,1.0,vowel_run,Clear:179,"mioil -> mobil (59, edit1)",1.00,,,
Literatuia,"Literatuia | Literatuia "" -",145,census_head,at_risk/full,1.0,vowel_run,Clear:144|Trash:1,,1.00,,,
niveau,niveau | Niveau | [7.] [?]niveau,145,census_head,at_risk/full,1.0,vowel_run,Clear:144|Trash:1,,1.00,,,
Michal Hauer,Michal Hauer,128,census_head,at_risk/full,1.0,vowel_run,Clear:128,,1.00,,,
J. Vysoean,J. Vysoean,125,census_head,at_risk/full,1.0,vowel_run,Noisy:125,"vysoean -> vysočan (83, edit1)",1.00,,,
Feuerstein,"Feuerstein | Feuerstein, | Feuerstein. | 1 Feuerstein- | 1 Feuerstein | 12 Feuerstein- | 2 Feuerstein- | 3 Feuerstein- | Feuerstein - | Feuerstein- | 10 Feuerstein- | 3 Feuerstein | 11 Feuerstein- | 2. Feuerstein | 2.Feuerstein | 21 Feuerstein- | 3 . Feuerstein | 4 4 Feuerstein- | 4 Feuerstein- | 58 Feuerstein- | | 1 Feuerstein | | 10 Feuerstein- | | 11 Feuerstein- | | 12 Feuerstein- | | 4 Feuerstein- | | 5 Feuerstein- | ■ 3 Feuerstein-",118,census_head,at_risk/full,1.0,vowel_run,Clear:73|Noisy:45,,1.00,,,
Poeitaeovy soubor,Poeitaeovy soubor | PoeitaeovY soubor,118,census_head,at_risk/partial,1.0,vowel_run,Clear:116|Trash:2,,0.50,,,
Rreis:,Rreis: | Rreis | Rreis 6 | Rreis _,103,census_head,at_risk/full,1.0,initial_geminate,Clear:101|Noisy:2,,1.00,,,
Baier,Baier,100,census_head,at_risk/full,1.0,vowel_run,Clear:100,,1.00,,,
Vvzkum 1970,"Vvzkum 1970 | Vvzkum 1971 | Vvzkum 1969 | Vvzkum 1 970 | Vvzkum | Vvzkum 1 969 | ""Vvzkum"" | Vvzkum .971 | Vvzkum 1 971 | Vvzkum 1969 141 | Vvzkum 2007. | Vvzkum: | vvzkum | vvzkum 1979 | vvzkum 2010",100,census_head,at_risk/full,1.0,initial_geminate,Noisy:87|Trash:8|Clear:5,,1.00,,,
vodovodu,vodovodu | vodovodu. | VODOVODU | vodovodu) | vodovodu 2019 | vodovodu“ | vodovodu“. | vodovodu (0400). | vodovodu - | vodovodu 0400. | vodovodu 1933. | vodovodu 521 | vodovodu • | vodovodu*,96,census_head,at_risk/full,1.0,low_variety,Clear:44|Noisy:34|Trash:18,,1.00,,,
sulcus praeauricularis,sulcus praeauricularis | SULCUS PRAEAURICULARIS | sulcus praeauricularis.,94,census_head,at_risk/full,1.0,vowel_run,Clear:94,,1.00,,,
Rubus idaeus,Rubus idaeus | Rubus Idaeus | | Rubus idaeus | Rubus idaeus;,84,census_head,at_risk/full,1.0,vowel_run,Clear:82|Noisy:2,,1.00,,,
Plocha: Archaia,Plocha: Archaia,76,census_head,at_risk/full,1.0,vowel_run,Clear:76,,1.00,,,
f. okraie,f. okraie | 1.f. okraie,76,census_head,at_risk/full,1.0,vowel_run,Noisy:65|Trash:11,okraie attested 22x but okraje is 13611x (stronger-twin),1.00,,,
"Bauer Noske,Wedlitz","Bauer Noske,Wedlitz | . Bauer Noske,Wedlitz",72,census_head,at_risk/full,1.0,vowel_run,Clear:71|Trash:1,,1.00,,,
1 bearbeiteter,"1 bearbeiteter | Bearbeiteter | 1 bearbeiteter — | 1 ""bearbeiteter | - 1 bearbeiteter | 28 bearbeiteter | ■ Bearbeiteter",71,census_head,at_risk/full,1.0,low_variety,Noisy:51|Clear:12|Trash:8,,1.00,,,
Feuersteinabschlag,"Feuersteinabschlag | Feuersteinabschlag 11 | ""Feuersteinabschlag "" | 545. Feuersteinabschlag | ""434. Feuersteinabschlag "" | ""444. Feuersteinabschlag "" | ""446. Feuersteinabschlag "" | ' Feuersteinabschlag | 11. Feuersteinabschlag | 17. Feuersteinabschlag | 19. Feuersteinabschlag | 22. Feuersteinabschlag | 233. Feuersteinabschlag | 234. Feuersteinabschlag | 235. Feuersteinabschlag | 247. Feuersteinabschlag | 256. Feuersteinabschlag | 265. Feuersteinabschlag | 271. Feuersteinabschlag | 274. Feuersteinabschlag | 29• Feuersteinabschlag | 352. Feuersteinabschlag | 371. Feuersteinabschlag | 375. Feuersteinabschlag | 437. Feuersteinabschlag 11 | 454. Feuersteinabschlag 11 | 464. Feuersteinabschlag 11 | 471. Feuersteinabschlag 11 | 509. Feuersteinabschlag | 511. Feuersteinabschlag | 512. Feuersteinabschlag | 525. Feuersteinabschlag | 542. Feuersteinabschlag | 549. Feuersteinabschlag | 556. Feuersteinabschlag | 558. Feuersteinabschlag | 559. Feuersteinabschlag | 584. Feuersteinabschlag | 585. Feuersteinabschlag | 6. Feuersteinabschlag | 75. Feuersteinabschlag | •Feuersteinabschlag",69,census_head,at_risk/full,1.0,vowel_run,Noisy:51|Clear:17|Trash:1,,1.00,,,
Feuersteinmesser,"Feuersteinmesser | 2 Feuersteinmesser | 1 Feuersteinmesser | 5 Feuersteinmesser | 7 Feuersteinmesser | ' 6 Feuersteinmesser | .6 Feuersteinmesser | 10 Feuersteinmesser | 13 Feuersteinmesser | 16 Feuersteinmesser | 2 Feuersteinmesser — | 2 Feuersteinmesser, | 2 Feuersteinmesser3748 | 3 .Feuersteinmesser, • | 3 Feuersteinmesser | 4 Feuersteinmesser | 45 Feuersteinmesser | 5 ./ Feuersteinmesser. | 71 Feuersteinmesser | 9 Feuersteinmesser | < 12 Feuersteinmesser | Feuersteinmesser 1816 | Feuersteinmesser, | | Feuersteinmesser",69,census_head,at_risk/full,1.0,vowel_run,Clear:40|Noisy:23|Trash:6,,1.00,,,
Layer,Layer | LAYER | ?Layer | layer,63,census_head,at_risk/full,1.0,vowel_run,Clear:63,,1.00,,,
Liteiatura,"Liteiatura | ""Liteiatura "" | Liteiatura *",57,census_head,at_risk/full,1.0,vowel_run,Clear:55|Noisy:2,,1.00,,,
www.archaiabrno.cz,www.archaiabrno.cz | Www.archaiabrno.cz,54,census_head,at_risk/full,1.0,vowel_run,Clear:54,,1.00,,,
Urtica dioica,Urtica dioica | | Urtica dioica | (Urtica dioica). | \Urtica dioica | □ Urtica dioica,53,census_head,at_risk/full,1.0,vowel_run,Clear:50|Noisy:2|Trash:1,,1.00,,,
2 Feuersteinab-,2 Feuersteinab- | 9 Feuersteinab- | 1 Feuersteinab- | 3 Feuersteinab- | 4 Feuersteinab- | Feuersteinab- | 5 Feuersteinab- | 6 Feuersteinab- | | 1 Feuersteinab- | 13 Feuersteinab- | 148 Feuersteinab- | 2 Feuersteinab- 2219- | 5 Feuersteinab- ! | 8 Feuersteinab- | 9 Feuersteinab- . | : 1 Feuersteinab- | ; 4 Feuersteinab- | Feuersteinab- 4659 | Feuersteinab- 5018 | | Feuersteinab-,51,census_head,at_risk/full,1.0,vowel_run,Noisy:46|Clear:5,,1.00,,,
AREAI,AREAI | AREAI.,50,census_head,at_risk/full,1.0,vowel_run,Clear:50,"areai -> areal (1101, confusion)",1.00,,,
Vykopal: SPUOAO,Vykopal: SPUOAO,50,census_head,at_risk/partial,1.0,vowel_run,Clear:50,,0.50,,,
nenalezena,nenalezena | nenalezena. | NENALEZENA | (nenalezena). | Nenalezena,49,census_head,at_risk/full,1.0,low_variety,Clear:48|Trash:1,,1.00,,,
neolit/eneolit,"neolit/eneolit | Neolit/eneolit | : neolit/eneolit | : neolit/eneolit? | neolit/eneolit. | NEOLIT/ENEOLIT | NEOLIT/ENEOLIT , . | Neolit/Eneolit | Neolit/eneolit?",49,census_head,at_risk/full,1.0,low_variety,Clear:37|Noisy:12,,1.00,,,
Dated=Dated (relatively),Dated=Dated (relatively),47,census_head,at_risk/partial,1.0,low_variety,Noisy:47,,0.50,,,
lenaye,lenaye,47,census_head,at_risk/full,1.0,vowel_run,Clear:46|Trash:1,"lenaye -> lengye (96, edit1)",1.00,,,
Graues Gestein.,Graues Gestein. | graues Gestein. | Graues Gestein. - | . Graues Gestein. | Graues Gestein | Graues Gestein. . | graues Gestein,46,census_head,at_risk/full,1.0,vowel_run,Noisy:44|Trash:2,,1.00,,,
vodovod a plynovod,"vodovod a plynovod | vodovod a plynovod. | ""„vodovod a plynovod""",46,census_head,at_risk/full,1.0,low_variety,Clear:45|Trash:1,,1.00,,,
Derflice - vodovod,Derflice - vodovod,44,census_head,at_risk/partial,1.0,low_variety,Noisy:31|Trash:13,,0.50,,,
DRUH AKCEOI,DRUH AKCEOI | DRUH AKCEOi,39,census_head,at_risk/full,1.0,vowel_run,Clear:37|Trash:2,,1.00,,,
. okraie,. okraie | £ okraie | okraie | 11 okraie | . 11 okraie | 1 okraie | 1.1 okraie | 11. okraie | OKRAIE | .11 okraie | 1 € okraie | 11 okraie . | 11. okraie . | £ okraie ..,38,census_head,at_risk/full,1.0,vowel_run,Noisy:19|Trash:12|Clear:7,okraie attested 22x but okraje is 13611x (stronger-twin),1.00,,,
praeauricularis,praeauricularis | praeauricularis . | praeauricularis.,38,census_head,at_risk/full,1.0,vowel_run,Clear:36|Trash:1|Noisy:1,,1.00,,,
Rreis: Podersam,Rreis: Podersam | Rreis: Podersam.,35,census_head,at_risk/full,1.0,initial_geminate,Clear:31|Trash:3|Noisy:1,,1.00,,,
Gebauer,Gebauer | ■•Gebauer,32,census_head,at_risk/full,1.0,vowel_run,Clear:31|Trash:1,,1.00,,,
Anseranser,Anseranser | anseranser,31,census_head,at_risk/full,1.0,low_variety,Clear:29|Trash:2,,1.00,,,
grauer Ton.,"grauer Ton. | Grauer Ton | Grauer Ton. | grauer Ton | (.)grauer Ton, | 1.Grauer Ton, | 112 Grauer Ton, | 1874 grauer Ton | 3 .Grauer Ton, | 403 grauer Ton, | 423 grauer Ton, | 532 grauer Ton, | 753 grauer Ton, | 925 grauer Ton, | 951 grauer Ton. | grauer Ton - | §25 grauer Ton,",31,census_head,at_risk/full,1.0,vowel_run,Clear:14|Trash:14|Noisy:3,,1.00,,,
rekonstrukce vodovodu,rekonstrukce vodovodu | REKONSTRUKCE VODOVODU | (rekonstrukce vodovodu) | rekonstrukce vodovodu“. | - rekonstrukce vodovodu | - rekonstrukce vodovodu“. | ; REKONSTRUKCE VODOVODU | Rekonstrukce vodovodu | Rekonstrukce vodovodu 1996 | rekonstrukce vodovodu.,31,census_head,at_risk/full,1.0,low_variety,Clear:25|Noisy:6,,1.00,,,
Meierhof,"Meierhof | Meierhof 1899 | ""Meierhof "" | ' - Meierhof | ' Meierhof | Meierhof , | Meierhof.",30,census_head,at_risk/full,1.0,vowel_run,Clear:19|Noisy:6|Trash:5,,1.00,,,
Rudiay I-Schacht,Rudiay I-Schacht,29,census_head,at_risk/full,1.0,vowel_run,Clear:29,,1.00,,,
"Grauer, feingeschlämmter Ton,","Grauer, feingeschlämmter Ton, | Grauer, feingeschlämmter Ton. | grauer, feingeschlämmter Ton. | Grauer, feingeschlämmter Ton | grauer, feingeschlämmter Ton,",28,census_head,at_risk/full,1.0,vowel_run,Clear:28,,1.00,,,
Mammalia indet.,"Mammalia indet. | Mammalia indet | Mammalia Indet. | Mammalia indet, | (Mammalia indet.). | Mammalia Indet",910,census_contested,confirms_trash/full,1.0,low_variety,Trash:472|Noisy:438,,1.00,,,
e-mail: mhauer@zip-ops.cz,e-mail: mhauer@zip-ops.cz,241,census_contested,confirms_trash/full,1.0,vowel_run,Trash:181|Noisy:60,,1.00,,,
1 fraoment okraie,1 fraoment okraie | fraoment okraie | 1 fraoment okraie. | 1 fraoment okraie.. | 1fraoment okraie,173,census_contested,confirms_trash/full,1.0,vowel_run,Trash:168|Clear:5,"fraoment -> fragment (6375, edit1); okraie attested 22x but okraje is 13611x (stronger-twin)",1.00,,,
e-mail: brno@archaiabrno.cz,e-mail: brno@archaiabrno.cz,134,census_contested,confirms_trash/full,1.0,vowel_run,Trash:125|Noisy:9,,1.00,,,
SVIII,"SVIII | SVIII/20 | ""SVIII/3 ' "" | 154 (SVIII/95). | SVIII / 2 | SVIII/ 2",115,census_contested,confirms_trash/full,1.0,"triple,vowel_run",Trash:113|Noisy:2,"sviii -> viii (4695, edit1)",1.00,,,
ARCHAIA Brno,ARCHAIA Brno | Archaia Brno). | Archaia Brno. | Archaia Brno | ARCHAIA Brno. | ARCHAIA BRNO | 20/04 (Archaia Brno) | 26/04 Archaia Brno | 32/04 Archaia Brno | ARCHAIA Brno. ' | ARCHAIA Brno. 0.0.6. | Archaia Brno),98,census_contested,confirms_trash/full,1.0,vowel_run,Trash:48|Clear:44|Noisy:6,,1.00,,,
Linum usitatissimum,Linum usitatissimum | | Linum usitatissimum | • Linum usitatissimum | 1 Linum usitatissimum | Linum usitatissimum 9.38%,92,census_contested,confirms_trash/full,1.0,low_variety,Trash:77|Noisy:15,,1.00,,,
e-mail: archaiajihlava@volny.cz,e-mail: archaiajihlava@volny.cz | E-MAIL: archaiajihlava@volny.cz | e-mail: archaiajihlava@volnY.cz,86,census_contested,confirms_trash/full,1.0,vowel_run,Trash:78|Noisy:8,,1.00,,,
Arvicola terrestris,Arvicola terrestris | Arvicola terrestris (?) | Arvicola terrestris ?,85,census_contested,confirms_trash/full,1.0,low_variety,Trash:54|Noisy:31,,1.00,,,
Hallstatthaus,Hallstatthaus | Hallstatthaus . | Hallstatthaus. | Hallstatthaus • | Hallstatthaus . ' | Hallstatthaus ■ | Hallstatthaus. .,84,census_contested,confirms_trash/none,1.0,low_variety,Trash:74|Noisy:10,,0.00,,,
PPOL,PPOL | ppol | Ppol? | PPOL ' | PPol,84,census_contested,confirms_trash/full,1.0,initial_geminate,Trash:82|Clear:2,,1.00,,,
"Archaeologica 2, 143-147.","Archaeologica 2, 143-147. | Archaeologica 4: 167-180. | archaeologica 2, 7-158. | archaeologica 2, 159-259. | Archaeologica 11, 63-72. | Archaeologica 167-180. | Archaeologica 4, 167-180 | Archaeologica. 5:227-266. | archaeologica 1962",59,census_contested,confirms_trash/full,1.0,vowel_run,Trash:53|Noisy:6,,1.00,,,
e-mail: arupraha@arup.cas.cz,e-mail: arupraha@arup.cas.cz,42,census_contested,confirms_trash/full,1.0,low_variety,Trash:41|Noisy:1,,1.00,,,
ARCHAIA BRNO. O.P.S.,ARCHAIA BRNO. O.P.S. | ARCHAIA Brno. O.p.S. | ARCHAIA Brno. o.p.s. | ARCHAIA Brno. O.p.s. | ARCHAIA Brno. o.p.S.,37,census_contested,confirms_trash/full,1.0,vowel_run,Trash:19|Noisy:18,,1.00,,,
Steinmeiel,Steinmeiel | 1 Steinmeiel | 2 Steinmeiel | .Steinmeiel | 4 Steinmeiel | ; 1 Steinmeiel,37,census_contested,confirms_trash/full,1.0,vowel_run,Trash:22|Noisy:15,,1.00,,,
tislo NN/sondy:,"tislo NN/sondy: | tislo NN/sondy: | | tislo NN/sondy 1/04 | tislo NN/sondy: 523 | tislo NN/SOndy 1/04 | tislo NN/sondy 11/04 | tislo NN/sondy: ,523 | tislo NN/sondy: ,566 | tislo NN/sondy: 509 | tislo NN/sondy: 513 | tislo NN/sondy: 522 | tislo NN/sondy: ■ | tislo NN/sondy;",36,census_contested,confirms_trash/full,1.0,initial_geminate,Trash:20|Noisy:16,,1.00,,,
Vykopal: ARCHAIA Olomouc,Vykopal: ARCHAIA Olomouc,35,census_contested,confirms_trash/full,1.0,vowel_run,Trash:34|Noisy:1,,1.00,,,
Archiv ARCHAIA Brno,"Archiv ARCHAIA Brno | (archiv Archaia Brno). | archiv Archaia Brno). | (archiv Archaia Brno | Archiv ARCHAIA Brno, | (archiv ARCHAIA Brno). | Archiv Archaia Brno | archiv ARCHAIA Brno. | archiv Archaia Brno",31,census_contested,confirms_trash/full,1.0,vowel_run,Trash:19|Clear:7|Noisy:5,,1.00,,,
e-mail: archaiabrno@volny.cz,e-mail: archaiabrno@volny.cz,31,census_contested,confirms_trash/full,1.0,vowel_run,Trash:30|Noisy:1,,1.00,,,
ARCHAIA Olomouc,ARCHAIA Olomouc | Archaia Olomouc,30,census_contested,confirms_trash/full,1.0,vowel_run,Trash:20|Noisy:6|Clear:4,,1.00,,,
KULTURA: ppole,KULTURA: ppole | Kultura: ppole | & KULTURA: ppole | Kultura: PPOLE | ( KULTURA: ppole | .. KULTURA: ppole | 0 KULTURA: ppole | „ KULTURA: ppole,30,census_contested,confirms_trash/full,1.0,initial_geminate,Trash:22|Noisy:8,ppole attested 229x but pole is 8600x (stronger-twin),1.00,,,
Quercus sessilis,Quercus sessilis | Quercus sessilis 3 | Quercus sessilis 1 | Quercus sessilis 16 | Quercus sessilis 8 | Quercus sessilis 10 | Quercus sessilis 11 | Quercus sessilis 13 | Quercus sessilis 15 | Quercus sessilis 21 | Quercus sessilis 5 | Quercus sessilis 87 | Quercus sessilis 9 | Quercus sessilis 9.,28,census_contested,at_risk/full,1.0,low_variety,Noisy:18|Trash:10,,1.00,,,
Rubusidaeus,Rubusidaeus,27,census_contested,at_risk/full,1.0,vowel_run,Clear:24|Trash:3,,1.00,,,
Zachovaiost:,Zachovaiost: | Zachovaiost | Zachovaiost | | Zachovaiost: .,27,census_contested,at_risk/full,1.0,vowel_run,Clear:25|Noisy:2,"zachovaiost -> zachovalost (649, confusion)",1.00,,,
noienm k.,noienm k. | noienm K.,27,census_contested,at_risk/none,1.0,vowel_run,Noisy:23|Trash:4,,0.00,,,
maiy fragment,maiy fragment,26,census_contested,confirms_trash/full,1.0,vowel_run,Trash:25|Noisy:1,"maiy -> mapy (35170, edit1)",1.00,,,
VIIA,"VIIA | 2/VIIa-5 | 37 VIIA | VIIa | VIIa,1. | Viia",25,census_contested,confirms_trash/full,1.0,vowel_run,Trash:24|Noisy:1,,1.00,,,
Aa/III 116,Aa/III 116 | Aa/III 120 | Aa/III 28 | Aa/III 30 | Aa/III 86 | Aa/III 88 | Aa/III-36 | Aa/III-4 2 | Aa/III-43 | Aa/III10 | Aa/III20 | Aa/III21 | Aa/III38 | Aa/III40 | Aa/III43 | Aa/III47 . | Aa/III49 | Aa/III50 | Aa/III58 | Aa/III59 | Aa/III67 | Aa/III89 | Aa/III97 | Aa/III98,24,census_contested,confirms_trash/none,1.0,"triple,vowel_run",Trash:21|Noisy:3,,0.00,,,
Flachmeiel,"Flachmeiel | 1 Flachmeiel | . Flachmeiel | .Flachmeiel | 1 Flachmeiel — | 3 Flachmeiel | Flachmeiel, | • Flachmeiel",24,census_contested,at_risk/full,1.0,vowel_run,Clear:13|Trash:8|Noisy:3,,1.00,,,
KOKOTSKO 1957,KOKOTSKO 1957 | KOKOTSKO 1956. | KOKOTSKO 195? | KOKOTSKO | KOKOTSKO 1956 | KOKOTSKO. | Kokotsko | ^^KOKOTSKO 1956,24,census_contested,confirms_trash/full,1.0,low_variety,Trash:23|Clear:1,,1.00,,,
Fayalite magnesian,"Fayalite magnesian | ""Fayalite magnesian"" | 2 ""Fayalite magnesian"" | 3 ""Fayalite magnesian"" | 3 ""Fayalite magnesian”",23,census_contested,at_risk/partial,1.0,vowel_run,Clear:18|Trash:5,"fayalite -> fayalit (22, edit1)",0.50,,,
http://www.geology.cz/,http://www.geology.cz/ | http://www.geology.cz | http://www.geology.cz/). | (http://www.geology.cz). | 2 http://www.geology.cz | HTTP://WWW.GEOLOGY.CZ). | http://www.geology.cz).,23,census_contested,confirms_trash/full,1.0,triple,Trash:22|Noisy:1,,1.00,,,
Feuersteinsplitter,"Feuersteinsplitter | 1 Feuersteinsplitter | 10. Feuersteinsplitter | 23. Feuersteinsplitter | 261. Feuersteinsplitter | 262. Feuersteinsplitter | 263. Feuersteinsplitter | 270. Feuersteinsplitter | 275, Feuersteinsplitter | 276. Feuersteinsplitter | 278. Feuersteinsplitter | 279. Feuersteinsplitter | 3. Feuersteinsplitter | 362. Feuersteinsplitter | 42 Feuersteinsplitter., | 510. Feuersteinsplitter | 521. Feuersteinsplitter | 529. Feuersteinsplitter | 541. Feuersteinsplitter | 555. Feuersteinsplitter | 557. Feuersteinsplitter",22,census_contested,confirms_trash/full,1.0,vowel_run,Trash:18|Noisy:4,,1.00,,,
Rudiay,Rudiay | — Rudiay | - Rudiay | Rudiay.) | —Rudiay,22,census_contested,at_risk/full,1.0,vowel_run,Clear:19|Noisy:3,,1.00,,,
VELEMYSLEVES 1969,VELEMYSLEVES 1969 | VELEMYSLEVES | VELEMYSLEVES 73 | VELEMYSLEVES 1967-8 | VELEMYSLEVES 1967-9 | VELEMYSLEVES 1970 | Velemysleves,22,census_contested,confirms_trash/full,1.0,low_variety,Trash:20|Noisy:2,"velemysleves -> velemyšleves (89, diacritics)",1.00,,,
pro vodovod,pro vodovod | pro vodovod. | pro vodovod 1. | pro vodovod 2. | pro vodovod 3. | PRO VODOVOD | pro vodovod (506).,22,census_contested,at_risk/full,1.0,low_variety,Clear:15|Noisy:7,,1.00,,,
Fayalit,Fayalit | fayalit | ' Fayalit | ■ • Fayalit,21,census_contested,at_risk/full,1.0,vowel_run,Clear:19|Noisy:1|Trash:1,,1.00,,,
eaual to:,eaual to: | eaual to: 1106 | eaual to: 1107 | eaual to: 1110 | eaual to: 1505 | eaual to: 1508 | eaual to: 1514 | eaual to: 1948,21,census_contested,at_risk/full,1.0,vowel_run,Clear:14|Noisy:7,"eaual -> equal (15, edit1)",1.00,,,
Achaia Brno o.p.s.,Achaia Brno o.p.s. | ACHAIA BRNO o.p.s.,20,census_contested,at_risk/full,1.0,vowel_run,Noisy:16|Trash:4,,1.00,,,
Dunkelgraues Gestein.,"Dunkelgraues Gestein. | dunkelgraues Gestein. | Dunkelgraues Gestein,",20,census_contested,at_risk/full,1.0,vowel_run,Noisy:16|Trash:4,,1.00,,,
http://www.woodanatomy.ch,"http://www.woodanatomy.ch | http://www.woodanatomy.ch. | (http://www.woodanatomy.ch | 2004) http://www.woodanatomy.ch. | 2004, http://www.woodanatomy.ch). | 274 http://www.woodanatomy.ch | 8 http://www.woodanatomy.ch | http://www.woodanatomy.ch/",20,census_contested,confirms_trash/full,1.0,triple,Trash:19|Noisy:1,,1.00,,,
Euonymus,Euonymus | Euonymus 1 | □ Euonymus | Euonymus 2,19,census_contested,confirms_trash/full,1.0,vowel_run,Trash:15|Noisy:4,,1.00,,,
"kanalizace, vodovod","kanalizace, vodovod | (kanalizace, vodovod). | „kanalizace, vodovod“",19,census_contested,confirms_trash/full,1.0,low_variety,Trash:18|Noisy:1,,1.00,,,
1 https://www.mza.cz/indikacniskici/skica/detail/302,1 https://www.mza.cz/indikacniskici/skica/detail/302 | https://www.mza.cz/indikacniskici/skica/detail/2788 | 1 https://www.mza.cz/indikacniskici/skica/detail/1669 | 1 https://www.mza.cz/indikacniskici/skica/detail/2364 | 1 https://www.mza.cz/indikacniskici/skica/detail/2773 | 1 https://www.mza.cz/indikacniskici/skica/detail/2917 | 1 https://www.mza.cz/indikacniskici/skica/detail/3907 | 4 https://www.mza.cz/indikacniskici/skica/detail/3984 | 5 https://www.mza.cz/indikacniskici/skica/detail/2788 | 6 https://www.mza.cz/indikacniskici/skica/detail/2788 | https://www.mza.cz/indikacniskici/skica/detail/1955 | https://www.mza.cz/indikacniskici/skica/detail/2689 | https://www.mza.cz/indikacniskici/skica/detail/2773 | https://www.mza.cz/indikacniskici/skica/detail/3093 | https://www.mza.cz/indikacniskici/skica/detail/857 | https://www.mza.cz/indikacniskici/skica/detail/858,18,census_contested,at_risk/partial,1.0,"low_variety,triple",Noisy:15|Trash:3,,0.50,,,
WWW.ARCHAIA.cz,WWW.ARCHAIA.cz | WWW.ARCHAIA.CZ | www.archaia.cz,18,census_contested,confirms_trash/full,1.0,vowel_run,Trash:15|Noisy:2|Clear:1,,1.00,,,
- archiv Archaia).,"- archiv Archaia). | archiv Archaia). | archiv Archaia. | -archiv Archaia). | Archiv Archaia). | Archiv Archaia,",17,census_contested,at_risk/full,1.0,vowel_run,Clear:9|Trash:8,,1.00,,,
"ZAMEAIL 10,9.157;","ZAMEAIL 10,9.157; | ZAMEAIL 11/4/96 | ZAMEAIL 12.5.68 | ZAMEAIL 17110.66 | ZAMEAIL 1963,1984 | ZAMEAIL 1976 | ZAMEAIL 1983 | ZAMEAIL 1986 | ZAMEAIL 29.5.86 | ZAMEAIL15.10.71 | ZAMEAIL20.4.1971 | ZAMEAIL: 24.7,87 | zAMEAIL 1983—4 | zAMEAIL 27.7.197 | zAMEAIL31.7. 85 | zAMeAIL 5 1960 | zAmEAIL 1964",17,census_contested,at_risk/full,1.0,vowel_run,Noisy:10|Trash:7,,1.00,,,
Lycopus europaeus,Lycopus europaeus | | Lycopus europaeus,16,census_contested,at_risk/full,1.0,vowel_run,Clear:15|Trash:1,,1.00,,,
http://kvmuz.cz/typ/archeologie/archeologicke-nalezy-keramika).,http://kvmuz.cz/typ/archeologie/archeologicke-nalezy-keramika). | (http://kvmuz.cz/typ/archeologie/archeologicke-nalezy-keramika). | http://kvmuz.cz/typ/archeologie/archeologicke-nalezy-keramika,16,census_contested,at_risk/full,1.0,low_variety,Noisy:15|Trash:1,nalezy attested 213x but nálezy is 31694x (diacritics),1.00,,,
zlomek / xxxx,zlomek / xxxx,16,census_contested,at_risk/full,1.0,"initial_geminate,triple",Noisy:15|Trash:1,,1.00,,,
(mmol.kg-1),(mmol.kg-1) | (mmol.kg 1) | (mmol.kg | (mmol.kg-,15,census_contested,confirms_trash/full,1.0,initial_geminate,Trash:12|Noisy:3,"mmol -> mimo (14204, edit1)",1.00,,,
Cervus eiaphus,"Cervus eiaphus | Cervus eiaphus, | Cervus eiaphus.",15,census_contested,confirms_trash/full,1.0,vowel_run,Trash:14|Noisy:1,eiaphus attested 10x but elaphus is 510x (stronger-twin),1.00,,,
Feuersteinklinge,"Feuersteinklinge | ""Feuersteinklinge "" | 1 Feuersteinklinge, | 15. Feuersteinklinge! | 445. Feuersteinklinge | 56821 1 Feuersteinklinge | Feuersteinklinge 11 | Feuersteinklinge.",15,census_contested,at_risk/full,1.0,vowel_run,Clear:9|Noisy:6,,1.00,,,
Kontroia:,"Kontroia: | "" Kontroia:"" | ""1 Kontroia: | ' 1 Kontroia: | ' | Kontroia: | Kontroia | | Kontroia: | ■ Kontroia:",15,census_contested,at_risk/full,1.0,vowel_run,Clear:9|Noisy:4|Trash:2,"kontroia -> kontrola (2179, confusion)",1.00,,,
Rudiayschacht,Rudiayschacht | ) Rudiayschacht | Rudiayschacht -> | | Rudiayschacht,15,census_contested,at_risk/none,1.0,vowel_run,Clear:12|Noisy:2|Trash:1,,0.00,,,
https://www.mza.cz/indikacniskici/,https://www.mza.cz/indikacniskici/ | 1 https://www.mza.cz/indikacniskici/ | https://www.mza.cz/indikacniskici/#.,15,census_contested,confirms_trash/full,1.0,"low_variety,triple",Trash:10|Noisy:5,,1.00,,,
mmlung:,mmlung: | mmlung; | 2 mmlung: | 3 mmlung: | mmlung | mmlung; •,15,census_contested,confirms_trash/full,1.0,initial_geminate,Trash:13|Noisy:2,,1.00,,,
radioulna,radioulna | radioulna 1,15,census_contested,at_risk/none,1.0,vowel_run,Clear:14|Noisy:1,,0.00,,,
vodovodu a kanalizace,vodovodu a kanalizace | vodovodu a kanalizace. | vodovodu a kanalizace“,15,census_contested,at_risk/full,1.0,low_variety,Clear:13|Noisy:2,,1.00,,,
: Molar/praemolar,: Molar/praemolar | Molar/praemolar | molar/praemolar,14,census_contested,at_risk/full,1.0,low_variety,Noisy:10|Clear:4,,1.00,,,
Archaeobotany.,Archaeobotany. | Archaeobotany 11: 177-179. | Archaeobotany 1: 141-156.,14,census_contested,at_risk/full,1.0,vowel_run,Clear:12|Noisy:1|Trash:1,,1.00,,,
"Archaia, Praha","Archaia, Praha | Archaia, Praha. | Archaia, Praha 1998 | Archaia, Praha 1995 | Archaia, Praha 1996",14,census_contested,at_risk/full,1.0,vowel_run,Clear:10|Noisy:4,,1.00,,,
auerleihe,auerleihe | )auerleihe | /auerleihe •,14,census_contested,at_risk/none,1.0,vowel_run,Clear:13|Trash:1,,0.00,,,
1 : 1OOOO,1 : 1OOOO | 'OOOO. | --=oooo>=* | 0008 oooo | 09800 Oooo | 1914 Oooo | 4 OOOO | 81 OOOO | Oooo 0 | Oooo 00 | ■oooo-,13,census_contested,confirms_trash/full,1.0,"triple,vowel_run",Trash:7|Noisy:6,"1oooo -> oooo (83, edit1)",1.00,,,
1 Feuersteinscha-,1 Feuersteinscha- | 1 Feuersteinscha- — | . Feuersteinscha- | 1 Feuersteinscha- ; | 11 Feuersteinscha- | 5 Feuersteinscha- | Feuersteinscha- | — 12 Feuersteinscha-,13,census_contested,at_risk/none,1.0,vowel_run,Noisy:8|Trash:4|Clear:1,,0.00,,,
2. Siia,"2. Siia | 2 Siia | SIIA | 2. Siia 2. | 4.SiIa | 7 Siia | ; 2 Siia | Siia | Siia: 0,2",13,census_contested,at_risk/full,1.0,vowel_run,Noisy:7|Trash:6,siia attested 12x but sila is 1159x (stronger-twin),1.00,,,
Mitteleuropäische Zeitungsausschnittskanzlei,Mitteleuropäische Zeitungsausschnittskanzlei | • Mitteleuropäische Zeitungsausschnittskanzlei,13,census_contested,at_risk/full,1.0,low_variety,Clear:12|Noisy:1,,1.00,,,
Ouarzit.,"Ouarzit. | Ouarzit, | Ouarzit. 1 •",13,census_contested,at_risk/full,1.0,vowel_run,Clear:12|Trash:1,"ouarzit -> quarzit (116, edit1)",1.00,,,
PocEaovy soubor,PocEaovy soubor,13,census_contested,confirms_trash/partial,1.0,vowel_run,Trash:11|Noisy:2,,0.50,,,
des Reichsgaues Sudetenland,des Reichsgaues Sudetenland | Des Reichsgaues Sudetenland | des Reichsgaues Sudetenland.,13,census_contested,confirms_trash/full,1.0,vowel_run,Trash:11|Noisy:2,,1.00,,,
Bauer,Bauer | - Bauer | Bauer.,12,census_contested,at_risk/full,1.0,vowel_run,Clear:10|Noisy:2,,1.00,,,
Grauer,"Grauer | Grauer, | Grauer , | grauer | 2.grauer | 3.grauer",12,census_contested,at_risk/full,1.0,vowel_run,Clear:10|Noisy:2,,1.00,,,
Meielfragment,Meielfragment | | Meielfragment | 1 Meielfragment | ; Meielfragment 4885,12,census_contested,at_risk/none,1.0,vowel_run,Clear:6|Noisy:6,,0.00,,,
ZPRAYA,ZPRAYA | ZPRAYA .. ..,12,census_contested,at_risk/full,1.0,vowel_run,Clear:11|Noisy:1,,1.00,,,
Ziegeleien,Ziegeleien,12,census_contested,at_risk/full,1.0,vowel_run,Clear:9|Trash:3,,1.00,,,
zlomky / xxxx,zlomky / xxxx,12,census_contested,at_risk/full,1.0,"initial_geminate,triple",Noisy:11|Trash:1,,1.00,,,
europaeus,europaeus | europaeus). | europaeus:,11,census_contested,confirms_trash/full,1.0,vowel_run,Trash:10|Noisy:1,,1.00,,,
http://www.hulin.cz/zajimava-mista/kostel-sv-vaclava-a-fara/,http://www.hulin.cz/zajimava-mista/kostel-sv-vaclava-a-fara/ | 4 http://www.hulin.cz/zajimava-mista/kostel-sv-vaclava-a-fara | http://www.hulin.cz/zajimava-mista/kostel-sv-vaclava-a-fara/). | http://www.hulin.cz/zajimava-mista/kostel-sv-vaclava-a-fara,11,census_contested,confirms_trash/partial,1.0,triple,Trash:8|Noisy:3,hulin attested 29x but hulín is 281x (diacritics); vaclava attested 23x but václava is 1909x (diacritics),0.67,,,
http://www.iabrno.cz,http://www.iabrno.cz,11,census_contested,at_risk/full,1.0,triple,Noisy:7|Trash:4,,1.00,,,
mitka/maita,mitka/maita | -mitka/maita | □mitka/maita,11,census_contested,at_risk/none,1.0,low_variety,Clear:10|Trash:1,,0.00,,,
p KULTURA: ppole,p KULTURA: ppole,11,census_contested,confirms_trash/full,1.0,initial_geminate,Trash:10|Noisy:1,ppole attested 229x but pole is 8600x (stronger-twin),1.00,,,
vvel,vvel | Vvel | /vvel | /vvel-,11,census_contested,confirms_trash/full,1.0,initial_geminate,Trash:10|Noisy:1,"vvel -> vedl (1737, edit1)",1.00,,,
1 (raoment okraie,"1 (raoment okraie | 1 (raoment okraie. | 1,(raoment okraie",10,census_contested,confirms_trash/full,1.0,vowel_run,Trash:9|Clear:1,"raoment -> ragment (75, edit1); okraie attested 22x but okraje is 13611x (stronger-twin)",1.00,,,
Aethusa cynapium/cynapioides,Aethusa cynapium/cynapioides | 1 Aethusa cynapium/cynapioides | | Aethusa cynapium/cynapioides,10,census_contested,confirms_trash/full,1.0,vowel_run,Trash:6|Noisy:4,,1.00,,,
Miscellaneous,Miscellaneous | 7 Miscellaneous | 7 Miscellaneous 44,10,census_contested,at_risk/none,1.0,vowel_run,Clear:8|Noisy:2,,0.00,,,
Naiez:,Naiez: | naiez,10,census_contested,at_risk/full,1.0,vowel_run,Clear:6|Trash:4,"naiez -> nalez (1611, confusion)",1.00,,,
Steinmeiels,Steinmeiels,10,census_contested,at_risk/full,1.0,vowel_run,Clear:8|Trash:2,"steinmeiels -> steinmeiel (22, edit1)",1.00,,,
Vodovod a kanalizace,Vodovod a kanalizace | (vodovod a kanalizace). | VODOVOD A KANALIZACE | vodovod a kanalizace | vodovod a kanalizace“.,10,census_contested,at_risk/full,1.0,low_variety,Clear:9|Noisy:1,,1.00,,,
(fotoarchiv Archaia Brno).,(fotoarchiv Archaia Brno). | fotoarchiv Archaia Brno),9,census_contested,at_risk/full,1.0,vowel_run,Clear:7|Trash:2,,1.00,,,
: Molar/praemolar superior,: Molar/praemolar superior | Molar/praemolar superior,9,census_contested,at_risk/full,1.0,low_variety,Noisy:7|Clear:2,,1.00,,,
Bauerleihe,Bauerleihe | * Bauerleihe | ■ Bauerleihe,9,census_contested,at_risk/none,1.0,vowel_run,Clear:7|Trash:2,,0.00,,,
Doubravice - vodovod,Doubravice - vodovod,9,census_contested,confirms_trash/full,1.0,low_variety,Trash:8|Noisy:1,,1.00,,,
Frauenberg,Frauenberg | .Frauenberg | Frauenberg ' | Frauenberg ‘,9,census_contested,at_risk/full,1.0,vowel_run,Clear:5|Trash:2|Noisy:2,,1.00,,,
Grauer Feuerstein,Grauer Feuerstein | grauer Feuerstein | grauer Feuerstein. | grauer Feuerstein -,9,census_contested,at_risk/full,1.0,vowel_run,Clear:7|Trash:1|Noisy:1,,1.00,,,
Grauer Ouarzit,Grauer Ouarzit | grauer Ouarzit 94/7. | Grauer Ouarzit# | Grauer Ouarzit* | Grauer Ouarzit: | grauer Ouarzit,9,census_contested,at_risk/full,1.0,vowel_run,Clear:5|Noisy:3|Trash:1,"ouarzit -> quarzit (116, edit1)",1.00,,,
Triticum cf. monococcum,Triticum cf. monococcum,9,census_contested,confirms_trash/full,1.0,low_variety,Trash:7|Noisy:2,,1.00,,,
e-mail: muzeum@muzeum-blovice.cz,e-mail: muzeum@muzeum-blovice.cz,9,census_contested,confirms_trash/full,1.0,low_variety,Trash:6|Noisy:3,,1.00,,,
http://www.mza.cz/indikacniskici/,http://www.mza.cz/indikacniskici/ | (http://www.mza.cz/indikacniskici) | (http://www.mza.cz/indikacniskici). | http://www.mza.cz/indikacniskici/),9,census_contested,confirms_trash/full,1.0,"low_variety,triple",Trash:7|Noisy:2,,1.00,,,
kanalizace a vodovodu“.,kanalizace a vodovodu“. | kanalizace a vodovodu | kanalizace a vodovodu“ | kanalizace a vodovodu.,9,census_contested,at_risk/full,1.0,low_variety,Noisy:6|Clear:3,,1.00,,,
mazaniee,mazaniee | Mazaniee | 7 mazaniee | • mazaniee,9,census_contested,confirms_trash/full,1.0,vowel_run,Trash:8|Noisy:1,mazaniee attested 30x but mazanice is 11670x (stronger-twin),1.00,,,
velmi maiy tragment,velmi maiy tragment | velmi maiy Tragment,9,census_contested,at_risk/full,1.0,vowel_run,Clear:8|Trash:1,"maiy -> mapy (35170, edit1); tragment attested 18x but fragment is 6375x (stronger-twin)",1.00,,,
1 MMMTONG,1 MMMTONG | MMMTONG,8,census_contested,at_risk/none,1.0,"initial_geminate,triple",Noisy:7|Trash:1,,0.00,,,
1.grauer gutgeschlämmter Ton.,"1.grauer gutgeschlämmter Ton. | grauer gutgeschlämmter Ton. | 2,)grauer gutgeschlämmter Ton. | 2.)grauer gutgeschlämmter Ton. | 2.grauer gutgeschlämmter Ton. | ‘grauer gutgeschlämmter Ton.",8,census_contested,at_risk/full,1.0,vowel_run,Clear:5|Noisy:3,,1.00,,,
2 http://www.geology.cz/extranet/mapy/mapy-online/mapove-aplikace,2 http://www.geology.cz/extranet/mapy/mapy-online/mapove-aplikace | http://www.geology.cz/extranet/mapy/mapy-online/mapove-aplikace | http://www.geology.cz/extranet/mapy/mapy-online/mapove-aplikace) | http://www.geology.cz/extranet/mapy/mapy-online/mapove-aplikace).,8,census_contested,at_risk/full,1.0,triple,Noisy:4|Trash:4,,1.00,,,
9./ Ouerbreite desselben,9./ Ouerbreite desselben | Ouerbreite desselben | 11 ./Ouerbreite desselben | 11./ Ouerbreite desselben | 11./Ouerbreite desselben,8,census_contested,at_risk/partial,1.0,vowel_run,Noisy:5|Clear:3,,0.50,,,
Archaeology,"Archaeology | Archaeology 17, 579-601. | Archaeology 54, 295-309. | archaeology, 3(4): 447-454.",8,census_contested,at_risk/full,1.0,vowel_run,Noisy:4|Clear:3|Trash:1,,1.00,,,
Feuersteinknollen,Feuersteinknollen | 1 Feuersteinknollen | 26-30 5 Feuersteinknollen | : Feuersteinknollen,8,census_contested,at_risk/full,1.0,vowel_run,Clear:5|Noisy:3,,1.00,,,
Hellgrauer Quarzit.,Hellgrauer Quarzit. | Hellgrauer Quarzit,8,census_contested,confirms_trash/full,1.0,vowel_run,Trash:4|Clear:4,,1.00,,,
Skuoina,Skuoina | : Skuoina | ■ Skuoina,8,census_contested,at_risk/full,1.0,vowel_run,Clear:5|Trash:3,"skuoina -> skupina (5280, edit1)",1.00,,,
Vvplnuje,Vvplnuje,8,census_contested,at_risk/none,1.0,initial_geminate,Clear:5|Trash:3,,0.00,,,
http://www. iabmo. cz,http://www. iabmo. cz,8,census_contested,confirms_trash/full,1.0,triple,Trash:6|Noisy:2,"iabmo -> iabrno (38, confusion)",1.00,,,
komiee,komiee | -komiee: | komiee-,8,census_contested,at_risk/full,1.0,vowel_run,Clear:7|Noisy:1,,1.00,,,
stavba vodovodu,stavba vodovodu | Stavba vodovodu | : stavba vodovodu | „stavba vodovodu“,8,census_contested,at_risk/full,1.0,low_variety,Clear:6|Noisy:1|Trash:1,,1.00,,,
15 Eisengegenstän-,15 Eisengegenstän- | 2 Eisengegenstän- | 3 Eisengegenstän- | 10 Eisengegenstän- 6574-,7,census_contested,at_risk/none,1.0,low_variety,Noisy:6|Trash:1,,0.00,,,
Cecilioides acicula,Cecilioides acicula | Cecilioides acicula 3 | Cecilioides acicula 2 | Cecilioides acicula 5,7,census_contested,at_risk/full,1.0,vowel_run,Noisy:4|Clear:3,,1.00,,,
Ddevo :,Ddevo : | Ddevo : - | DDevo | Ddevo : —,7,census_contested,confirms_trash/full,1.0,initial_geminate,Trash:5|Noisy:2,"ddevo -> dřevo (2795, edit1)",1.00,,,
ENGINEERING,ENGINEERING | • ENGINEERING | ENGINEERING . | ENGINEERING .. .. | • ENGINEERING ......,7,census_contested,at_risk/full,1.0,low_variety,Noisy:5|Clear:2,,1.00,,,
Feuersteinschaber,"Feuersteinschaber | 1 Feuersteinschaber | 1 Feuersteinschaber, | 185 1 Feuersteinschaber | 6 Feuersteinschaber | : Feuersteinschaber",7,census_contested,at_risk/full,1.0,vowel_run,Noisy:5|Clear:2,,1.00,,,
Grauer Flint.,Grauer Flint. | Grauer Flint | Grauer Flint. . | grauer Flint.,7,census_contested,at_risk/full,1.0,vowel_run,Clear:6|Noisy:1,,1.00,,,
"Ing.Gebauer, Komotau,","Ing.Gebauer, Komotau, | Ing.Gebauer, Komotau.",7,census_contested,confirms_trash/full,1.0,vowel_run,Trash:5|Noisy:2,,1.00,,,
OMUIOP,OMUIOP,7,census_contested,confirms_trash/none,1.0,vowel_run,Trash:6|Clear:1,,0.00,,,
OUUITN,OUUITN,7,census_contested,at_risk/none,1.0,vowel_run,Clear:6|Trash:1,,0.00,,,
Olomoue,Olomoue | Olomoue.,7,census_contested,confirms_trash/full,1.0,vowel_run,Trash:5|Clear:2,olomoue attested 39x but olomouc is 6317x (stronger-twin),1.00,,,
Peuersteinab-,Peuersteinab- | 12 Peuersteinab- | 2 Peuersteinab- | 22 Peuersteinab- | 4 Peuersteinab- | 7 Peuersteinab-,7,census_contested,at_risk/full,1.0,vowel_run,Noisy:5|Clear:2,"peuersteinab -> feuersteinab (30, edit1)",1.00,,,
Steinteinitz,Steinteinitz | SteinteinitZ,7,census_contested,at_risk/none,1.0,low_variety,Clear:6|Trash:1,,0.00,,,
Strauigralicky pod,Strauigralicky pod | Strauigralicky pod: | 1 Strauigralicky pod,7,census_contested,at_risk/full,1.0,vowel_run,Clear:6|Noisy:1,"strauigralicky -> stratigralicky (22, edit1)",1.00,,,
T.monococcum,T.monococcum | T.monococcum - | T.monococcum 1,7,census_contested,at_risk/full,1.0,low_variety,Clear:5|Noisy:2,,1.00,,,
VODOVODY,VODOVODY | Vodovody | 8.2. vodovody | vodovody.,7,census_contested,at_risk/full,1.0,low_variety,Clear:5|Noisy:2,,1.00,,,
brauerei,"brauerei | brauerei,1908 | brauerei.",7,census_contested,at_risk/full,1.0,vowel_run,Clear:6|Trash:1,,1.00,,,
http://www.zip-ops.cz/keramikaonline,http://www.zip-ops.cz/keramikaonline | 71 http://www.zip-ops.cz/keramikaonline/ | http://www.zip-ops.cz/keramikaonline/ | http://www.zip-ops.cz/keramikaonline/.,7,census_contested,confirms_trash/partial,1.0,triple,Trash:6|Noisy:1,,0.50,,,
naieziste:,naieziste: | naieziste: - | naieziste: ------------¬ | naieziste: / -,7,census_contested,at_risk/full,1.0,vowel_run,Noisy:5|Trash:2,naieziste attested 11x but naleziste is 94x (stronger-twin),1.00,,,
ulice Mayerova,ulice Mayerova,7,census_contested,confirms_trash/partial,1.0,vowel_run,Trash:6|Noisy:1,,0.50,,,
"www.archaia.cz, e-mail: praha@archaia.cz","www.archaia.cz, e-mail: praha@archaia.cz",7,census_contested,confirms_trash/full,1.0,"low_variety,vowel_run",Trash:6|Noisy:1,,1.00,,,
www.zsbites.cz/priroda/cz/prirodni-pomery.htm,www.zsbites.cz/priroda/cz/prirodni-pomery.htm | (www.zsbites.cz/priroda/cz/prirodni-pomery.htm).,7,census_contested,confirms_trash/partial,1.0,low_variety,Trash:4|Noisy:3,pomery attested 73x but poměry is 2523x (diacritics),0.33,,,
zooidol,zooidol | 8 - zooidol | zooidol.,7,census_contested,confirms_trash/full,1.0,vowel_run,Trash:6|Clear:1,,1.00,,,
(http://www.plch.info/upload/Zpravodaj/Zprav19-proc%20Jedovnice%201.pdf).,(http://www.plch.info/upload/Zpravodaj/Zprav19-proc%20Jedovnice%201.pdf).,6,census_contested,confirms_trash/partial,1.0,triple,Trash:5|Noisy:1,,0.50,,,
(http://www.plch.info/upload/Zpravodaj/Zprav21-proc%20Jedovnice%203a.pdf).,(http://www.plch.info/upload/Zpravodaj/Zprav21-proc%20Jedovnice%203a.pdf).,6,census_contested,confirms_trash/partial,1.0,triple,Trash:5|Noisy:1,,0.50,,,
0? ^)Auul.(,0? ^)Auul.( | 2Auul? | AUUL | Auul | Auul (- | \ Auul —,6,census_contested,confirms_trash/none,1.0,vowel_run,Trash:5|Clear:1,,0.00,,,
23 Eisengegenstände,23 Eisengegenstände | 3 Eisengegenstände | 4 Eisengegenstände | 55 Eisengegenstände | 6 Eisengegenstände | Eisengegenstände,6,census_contested,at_risk/full,1.0,low_variety,Noisy:5|Clear:1,,1.00,,,
"ARCHAIA Brno, o.p.6.","ARCHAIA Brno, o.p.6. | ARCHAIA BRNO, O.P.5. | ARCHAIA Brno, o.p.6",6,census_contested,confirms_trash/full,1.0,vowel_run,Trash:4|Noisy:2,,1.00,,,
Archaeology. Praha.,"Archaeology. Praha. | Archaeology. Praha, 121-171. | Archaeology. Praha",6,census_contested,at_risk/full,1.0,vowel_run,Clear:4|Noisy:2,,1.00,,,
CLXXXVII).,CLXXXVII). | CLXXXVII) .,6,census_contested,at_risk/full,1.0,triple,Noisy:5|Trash:1,,1.00,,,
Euer Excellenz,"Euer Excellenz | Euer ExcelLenz | Euer Excellenz ! | Euer Excellenz! | Euer Excellenz,",6,census_contested,at_risk/full,1.0,vowel_run,Clear:2|Trash:2|Noisy:2,"excellenz -> excellent (10, edit1)",1.00,,,
Euere Excellenz!,Euere Excellenz! | Euere Excellenz,6,census_contested,confirms_trash/full,1.0,vowel_run,Trash:4|Noisy:1|Clear:1,"euere -> feuer (218, edit1); excellenz -> excellent (10, edit1)",1.00,,,
Euomphalia strigella,Euomphalia strigella | Euomphalia strigella 1 | (Euomphalia strigella).,6,census_contested,confirms_trash/full,1.0,vowel_run,Trash:5|Noisy:1,,1.00,,,
Foio,"Foio | Foio 13 | Foio 4 | foio, ■ | | Foio :",6,census_contested,confirms_trash/full,1.0,vowel_run,Trash:5|Noisy:1,"foio -> foto (7866, edit1)",1.00,,,
HOSTIVICE-PALOUKY SVIII,HOSTIVICE-PALOUKY SVIII,6,census_contested,confirms_trash/full,1.0,"triple,vowel_run",Trash:4|Clear:2,"sviii -> viii (4695, edit1)",1.00,,,
MEAITKO,MEAITKO | MEAITKO . | MEAITKO | | MEAITKO • ; | MEAITKO: 1:20 | MEAiTko,6,census_contested,at_risk/full,1.0,vowel_run,Noisy:3|Trash:2|Clear:1,"meaitko -> meritko (282, edit1)",1.00,,,
OUOISP,OUOISP,6,census_contested,at_risk/none,1.0,vowel_run,Clear:4|Trash:2,,0.00,,,
cf. Arvicola terrestris,cf. Arvicola terrestris,6,census_contested,confirms_trash/full,1.0,low_variety,Trash:4|Noisy:2,,1.00,,,
euencephal,euencephal | 1214 - euencephal,6,census_contested,at_risk/full,1.0,vowel_run,Noisy:3|Trash:3,,1.00,,,
fragment okraie,fragment okraie | 1 fragment okraie,6,census_contested,at_risk/full,1.0,vowel_run,Clear:4|Trash:2,okraie attested 22x but okraje is 13611x (stronger-twin),1.00,,,
http://www.obec-brest.cz/historie/historie/,http://www.obec-brest.cz/historie/historie/ | 5 http://www.obec-brest.cz/historie/historie/ | 4 http://www.obec-brest.cz/historie/historie/,6,census_contested,confirms_trash/partial,1.0,"low_variety,triple",Trash:3|Noisy:3,brest attested 15x but břest is 89x (diacritics),0.75,,,
mauer.,"mauer. | ""Mauer ‘ "" | Mauer | mauer:",6,census_contested,at_risk/full,1.0,vowel_run,Noisy:3|Clear:2|Trash:1,,1.00,,,
years).,"years). | 12 years."" | years | years.",6,census_contested,at_risk/full,1.0,vowel_run,Clear:5|Noisy:1,,1.00,,,
)NNEN*,)NNEN* | . NNEN | NNEN _ _ | NNEN ® | nNEN,5,census_contested,confirms_trash/full,1.0,initial_geminate,Trash:4|Noisy:1,"nnen* -> innen (597, edit1)",1.00,,,
/4.7 ZoiO,/4.7 ZoiO | 31 7 zoio | ZOIO | Zoio | zoio,5,census_contested,confirms_trash/full,1.0,vowel_run,Trash:4|Noisy:1,"zoio -> zoom (124, edit1)",1.00,,,
3UUAT M,3UUAT M | 3UUAT M . | <UUAT M | <UUAT M. | UUAT M.,5,census_contested,confirms_trash/none,1.0,vowel_run,Trash:3|Noisy:2,,0.00,,,
AOAS,AOAS | AOAs | AoaS.$‘ | Aoas,5,census_contested,confirms_trash/full,1.0,vowel_run,Trash:3|Clear:2,"aoas -> haas (74, edit1)",1.00,,,
AOOG,AOOG | 40.41. Aoog | AooG | aoOG,5,census_contested,confirms_trash/full,1.0,vowel_run,Trash:3|Clear:2,"aoog -> olog (18, edit1)",1.00,,,
ARCHAIA Brno. o.p.5.,ARCHAIA Brno. o.p.5. | ARCHAIA BRNO. O.P.5. | ARCHAIA Brno. o.p.6. | ARCHAIA Brno. o.p.9.,5,census_contested,confirms_trash/full,1.0,vowel_run,Trash:3|Noisy:2,,1.00,,,
DAIUM,DAIUM | Daium : 11.7.99 | Daium: | daium,5,census_contested,confirms_trash/full,1.0,vowel_run,Trash:4|Clear:1,"daium -> datum (34382, edit1)",1.00,,,
Feierstunde.,Feierstunde. | Feierstunde | Feierstunde . | _ Feierstunde— .,5,census_contested,at_risk/none,1.0,vowel_run,Noisy:3|Trash:2,,0.00,,,
Iiin,Iiin | Iiin 5?,5,census_contested,confirms_trash/full,1.0,"triple,vowel_run",Trash:4|Noisy:1,"iiin -> viii (4695, edit1)",1.00,,,
Ingenieur,Ingenieur | Ingenieur .,5,census_contested,confirms_trash/full,1.0,vowel_run,Trash:4|Noisy:1,,1.00,,,
Linum usit^tissimum,Linum usit^tissimum,5,census_contested,confirms_trash/full,1.0,low_variety,Trash:4|Noisy:1,"usit^tissimum -> usitatissimum (71, edit1)",1.00,,,
LlSt,LlSt | /- LLST | 2.llst | Llst,5,census_contested,confirms_trash/full,1.0,initial_geminate,Trash:4|Clear:1,"llst -> list (12397, confusion)",1.00,,,
Niveiace,Niveiace | niveiace | 3 niveiace,5,census_contested,at_risk/full,1.0,vowel_run,Clear:4|Noisy:1,"niveiace -> nivelace (1346, confusion)",1.00,,,
OUOIPM,OUOIPM,5,census_contested,confirms_trash/none,1.0,vowel_run,Trash:3|Clear:2,,0.00,,,
OUTIOU,OUTIOU,5,census_contested,at_risk/none,1.0,vowel_run,Clear:3|Trash:2,,0.00,,,
OUUITM,OUUITM,5,census_contested,confirms_trash/none,1.0,vowel_run,Trash:3|Clear:2,,0.00,,,
OUUIUO,OUUIUO,5,census_contested,at_risk/none,1.0,vowel_run,Clear:3|Trash:2,,0.00,,,
Oprava vodovodu,Oprava vodovodu | : oprava vodovodu | OPRAVA VODOVODU,5,census_contested,at_risk/full,1.0,low_variety,Clear:4|Noisy:1,,1.00,,,
Peuerstein,"Peuerstein | 1 Peuerstein | Peuerstein,",5,census_contested,confirms_trash/full,1.0,vowel_run,Trash:4|Noisy:1,,1.00,,,
Poeitaeovv scxjbor,Poeitaeovv scxjbor,5,census_contested,at_risk/none,1.0,vowel_run,Noisy:4|Trash:1,,0.00,,,
SSUT,SSUT | 1 ssut | _ SSUT | ssut,5,census_contested,confirms_trash/full,1.0,initial_geminate,Trash:4|Noisy:1,,1.00,,,
Tagbau b/Rudiay-,Tagbau b/Rudiay- | 19 Tagbau b/Rudiay- | 5 Tagbau b/Rudiay- | — Tagbau b/Rudiay.,5,census_contested,confirms_trash/partial,1.0,vowel_run,Trash:3|Clear:2,,0.50,,,
beim Meierhof,beim Meierhof | ' beim Meierhof | 36 beim Meierhof,5,census_contested,at_risk/full,1.0,vowel_run,Clear:3|Noisy:2,,1.00,,,
diayschacht,diayschacht | diayschacht 639 | diayschacht 640 | diayschacht 641,5,census_contested,at_risk/none,1.0,vowel_run,Noisy:3|Clear:2,,0.00,,,
festgestellt.,festgestellt. | festgestellt . | festgestellt;,5,census_contested,at_risk/full,1.0,low_variety,Clear:4|Noisy:1,,1.00,,,
geeignet ist!,"geeignet ist! | ""geeignet ist, "" | geeignet ist! '",5,census_contested,at_risk/full,1.0,vowel_run,Clear:3|Noisy:1|Trash:1,,1.00,,,
mailto: muzeum@muzeum-turnov.cz,mailto: muzeum@muzeum-turnov.cz,5,census_contested,confirms_trash/full,1.0,low_variety,Trash:3|Noisy:2,,1.00,,,
"neolit,eneolit","neolit,eneolit | -neolit,eneolit, | : neolit,eneolit | Neolit,eneolit",5,census_contested,at_risk/full,1.0,low_variety,Clear:3|Trash:1|Noisy:1,"neolit,eneolit -> neolit/eneolit (55, edit1)",1.00,,,
"""Neue Wald-""","""Neue Wald-"" | Neue Wald | Neue Wald-",4,census_contested,confirms_trash/full,1.0,vowel_run,Trash:2|Clear:1|Noisy:1,,1.00,,,
# HHHE,# HHHE | (HHHe | HhhE | Hhhe,4,census_contested,confirms_trash/full,1.0,"initial_geminate,triple",Trash:3|Clear:1,,1.00,,,
(https://www.cuzk.cz/Zememerictvi/Geograficke-podklady/Tistene-mapy/).,(https://www.cuzk.cz/Zememerictvi/Geograficke-podklady/Tistene-mapy/). | https://www.cuzk.cz/Zememerictvi/Geograficke-podklady/Tistene-mapy/,4,census_contested,at_risk/partial,1.0,triple,Noisy:2|Trash:2,,0.60,,,
",0 ,0 Oooooo",",0 ,0 Oooooo | >43 Oooooo | OOOOOO 00 | Oooooo (",4,census_contested,at_risk/full,1.0,"triple,vowel_run",Noisy:2|Trash:2,,1.00,,,
0. Iouny,0. Iouny | IOUNY | iOUNY ' | iouny,4,census_contested,confirms_trash/full,1.0,vowel_run,Trash:2|Noisy:1|Clear:1,"iouny -> louny (2433, confusion)",1.00,,,
1 Breitmeiel,1 Breitmeiel | 1 Breitmeiel —,4,census_contested,confirms_trash/none,1.0,vowel_run,Trash:3|Noisy:1,,0.00,,,
1 zubehauener,1 zubehauener | zubehauener,4,census_contested,confirms_trash/none,1.0,vowel_run,Trash:3|Clear:1,,0.00,,,
46 Equua caballus,46 Equua caballus | Equua caballus,4,census_contested,at_risk/full,1.0,vowel_run,Noisy:2|Trash:2,,1.00,,,
6 https://www.lechotice.cz/obec/historie/,6 https://www.lechotice.cz/obec/historie/ | https://www.lechotice.cz/obec/historie/,4,census_contested,at_risk/partial,1.0,triple,Noisy:3|Trash:1,,0.67,,,
AuAn,AuAn | Auan | auan | auan 26,4,census_contested,confirms_trash/full,1.0,vowel_run,Trash:3|Noisy:1,,1.00,,,
Dunkelgraues Felsgestein.,"Dunkelgraues Felsgestein. | Dunkelgraues Felsgestein,",4,census_contested,at_risk/full,1.0,vowel_run,Noisy:2|Trash:2,,1.00,,,
"Foto: Dragoun, PSSPPOP","Foto: Dragoun, PSSPPOP",4,census_contested,confirms_trash/full,1.0,low_variety,Trash:2|Noisy:2,,1.00,,,
Frauenwiese,"Frauenwiese | 1. ""Frauenwiese""",4,census_contested,confirms_trash/full,1.0,vowel_run,Trash:2|Noisy:2,,1.00,,,
"Grabung Dir.Feyerabend,","Grabung Dir.Feyerabend, | Grabung Dir.Feyerabend ,",4,census_contested,at_risk/partial,1.0,vowel_run,Clear:2|Trash:2,,0.50,,,
Grauen,"Grauen | Grauen, ' . | Grauen.",4,census_contested,at_risk/full,1.0,vowel_run,Clear:3|Noisy:1,,1.00,,,
HHOb,HHOb | Hhob *4. 8. | Hhob 14 | Hhob 4,4,census_contested,confirms_trash/full,1.0,initial_geminate,Trash:3|Noisy:1,"hhob -> hrob (12323, edit1)",1.00,,,
Hauer,Hauer | Hauer -,4,census_contested,at_risk/full,1.0,vowel_run,Clear:3|Noisy:1,,1.00,,,
Hhnerwasser,Hhnerwasser | Hhnerwasser • /79 | Hhnerwasser. | Hhnerwasser:,4,census_contested,at_risk/full,1.0,initial_geminate,Clear:3|Noisy:1,"hhnerwasser -> huhnerwasser (10, edit1)",1.00,,,
Innenseite,"Innenseite | Innenseite , | Innenseite . | Innenseite.",4,census_contested,at_risk/full,1.0,low_variety,Clear:2|Trash:1|Noisy:1,,1.00,,,
JMIOU,JMIOU | © JMIOU,4,census_contested,at_risk/full,1.0,vowel_run,Clear:3|Noisy:1,"jmiou -> jinou (3868, edit1)",1.00,,,
"Large unguiate,","Large unguiate, | 1 Large unguiate",4,census_contested,at_risk/full,1.0,vowel_run,Clear:3|Trash:1,"unguiate -> ungulate (101, confusion)",1.00,,,
MMftko: 1:10,MMftko: 1:10 | MMftko: 1:20 | Mmftko: 1:1000 | mmftko,4,census_contested,confirms_trash/full,1.0,initial_geminate,Trash:2|Noisy:1|Clear:1,"mmftko -> mfitko (16, edit1)",1.00,,,
Maltheuern,"Maltheuern | 6, Maltheuern. | Maltheuern.",4,census_contested,at_risk/none,1.0,vowel_run,Clear:3|Noisy:1,,0.00,,,
NYNIOE,NYNIOE | Nynioe 1959.,4,census_contested,at_risk/full,1.0,vowel_run,Clear:3|Noisy:1,"nynioe -> nynice (87, edit1)",1.00,,,
OUOITS,OUOITS,4,census_contested,at_risk/none,1.0,vowel_run,Clear:3|Trash:1,,0.00,,,
OUUIOV,OUUIOV,4,census_contested,at_risk/none,1.0,vowel_run,Clear:3|Trash:1,,0.00,,,
OUUIPR,OUUIPR,4,census_contested,confirms_trash/none,1.0,vowel_run,Trash:2|Clear:2,,0.00,,,
OUUITP,OUUITP | / OUUITP,4,census_contested,at_risk/none,1.0,vowel_run,Clear:2|Trash:2,,0.00,,,
OUUIUP,OUUIUP,4,census_contested,confirms_trash/none,1.0,vowel_run,Trash:2|Clear:2,,0.00,,,
OUUIUT,OUUIUT,4,census_contested,at_risk/none,1.0,vowel_run,Clear:3|Trash:1,,0.00,,,
Oberhalb Rudiay,Oberhalb Rudiay | — Oberhalb Rudiay | — Oberhalb Rudiay-,4,census_contested,at_risk/full,1.0,vowel_run,Clear:2|Noisy:2,,1.00,,,
Peuersteinmesser,Peuersteinmesser | 1 Peuersteinmesser | 2 peuersteinmesser,4,census_contested,at_risk/full,1.0,vowel_run,Noisy:2|Clear:1|Trash:1,"peuersteinmesser -> feuersteinmesser (74, edit1)",1.00,,,
Rubusideaus,Rubusideaus,4,census_contested,at_risk/full,1.0,vowel_run,Clear:2|Trash:2,"rubusideaus -> rubusidaeus (20, edit1)",1.00,,,
Rudiai-Schacht,Rudiai-Schacht | — Rudiai-Schacht,4,census_contested,at_risk/full,1.0,vowel_run,Clear:3|Noisy:1,"rudiai -> rudiay (83, edit1)",1.00,,,
SEKVENCE/SEQUENCE,SEKVENCE/SEQUENCE,4,census_contested,confirms_trash/none,1.0,low_variety,Trash:2|Noisy:2,,0.00,,,
"U kladen, vodovodu","U kladen, vodovodu | U kladen, vodovodu.",4,census_contested,confirms_trash/full,1.0,low_variety,Trash:2|Noisy:2,,1.00,,,
Uloienina,Uloienina | Uloienina:,4,census_contested,confirms_trash/full,1.0,vowel_run,Trash:3|Clear:1,"uloienina -> uloženina (2630, edit1)",1.00,,,
Valeriana dioica-type 1,Valeriana dioica-type 1 | Valeriana dioica-type | Valeriana dioica-type 2,4,census_contested,at_risk/full,1.0,vowel_run,Noisy:3|Trash:1,,1.00,,,
erkennen.,erkennen. | erkennen . | erkennen:,4,census_contested,at_risk/full,1.0,low_variety,Clear:3|Noisy:1,,1.00,,,
gegangen.,"gegangen. | ""gegangen. """,4,census_contested,at_risk/full,1.0,low_variety,Clear:3|Trash:1,,1.00,,,
h ttp://nahlizenidokn.cuzk.cz/,h ttp://nahlizenidokn.cuzk.cz/,4,census_contested,confirms_trash/full,1.0,initial_geminate,Trash:2|Noisy:2,"ttp://nahlizenidokn -> http://nahlizenidokn (266, edit1)",1.00,,,
https://www.hrady.cz/kostel-sv-bartolomeje-pocenice/,https://www.hrady.cz/kostel-sv-bartolomeje-pocenice/ | 4 https://www.hrady.cz/kostel-sv-bartolomeje-pocenice/ | 5 https://www.hrady.cz/kostel-sv-bartolomeje-pocenice/,4,census_contested,confirms_trash/partial,1.0,triple,Trash:2|Noisy:2,"bartolomeje -> bartoloměje (258, diacritics); pocenice -> počenice (19, diacritics)",0.80,,,
jeien evropsKy,jeien evropsKy | jeien evropsky,4,census_contested,confirms_trash/full,1.0,vowel_run,Trash:2|Clear:2,"jeien -> jeden (11804, edit1); evropsky attested 22x but evropský is 237x (diacritics)",1.00,,,
kreelll,kreelll | Kreelll % | Kreelll 2,4,census_contested,confirms_trash/none,1.0,triple,Trash:3|Noisy:1,,0.00,,,
muzeum@muzeum-turnov.cz,muzeum@muzeum-turnov.cz,4,census_contested,at_risk/full,1.0,low_variety,Noisy:2|Trash:2,,1.00,,,
ornioe,ornioe | 1 - ornioe | 6/ Ornioe.,4,census_contested,at_risk/full,1.0,vowel_run,Clear:2|Noisy:2,,1.00,,,
paleoekologie.,paleoekologie. | 6.2 ) Paleoekologie | paleoekologie,4,census_contested,at_risk/full,1.0,vowel_run,Noisy:2|Trash:2,,1.00,,,
ppolc,ppolc | ppolc ?,4,census_contested,at_risk/full,1.0,initial_geminate,Noisy:2|Trash:2,ppolc attested 10x but ppole is 229x (stronger-twin),1.00,,,
riai 3 Hranice,riai 3 Hranice,4,census_contested,at_risk/full,1.0,vowel_run,Noisy:2|Trash:2,"riai -> prii (291, edit1)",1.00,,,
rocaieK akce (mesic/rok):,rocaieK akce (mesic/rok): | rocaiek akce (mesic/rok):,4,census_contested,confirms_trash/full,1.0,vowel_run,Trash:2|Noisy:1|Clear:1,"rocaiek -> rocatek (17, edit1); mesic/rok attested 71x but měsíc/rok is 4173x (diacritics)",1.00,,,
rredbezna datace,rredbezna datace | rredbezna datace:,4,census_contested,at_risk/partial,1.0,initial_geminate,Clear:2|Trash:2,,0.50,,,
rredpezna datace,rredpezna datace | rredpezna datace:,4,census_contested,at_risk/partial,1.0,initial_geminate,Clear:2|Noisy:1|Trash:1,,0.50,,,
rrov. 3,rrov. 3 | \ rrov. | rrov,4,census_contested,confirms_trash/full,1.0,initial_geminate,Trash:3|Noisy:1,"rrov -> srov (1367, edit1)",1.00,,,
sser,sser | sser 3 | sser-=,4,census_contested,confirms_trash/full,1.0,initial_geminate,Trash:3|Noisy:1,,1.00,,,
ssuti.,ssuti. | SSUTI | ssuti 7 .,4,census_contested,at_risk/full,1.0,initial_geminate,Noisy:3|Clear:1,ssuti attested 195x but suti is 1667x (stronger-twin),1.00,,,
zlomek / xxxxx,zlomek / xxxxx,4,census_contested,at_risk/full,1.0,"initial_geminate,triple",Noisy:3|Trash:1,,1.00,,,
"""587.Feuersteinabschlag d.grau ""","""587.Feuersteinabschlag d.grau "" | ""Feuersteinabschlag d.grau "" | Feuersteinabschlag d.grau",3,census_contested,at_risk/full,1.0,vowel_run,Noisy:2|Clear:1,,1.00,,,
"""A/ CRANIUI""","""A/ CRANIUI"" | A/ CRANIUI: | A/ CRANIUi:",3,census_contested,confirms_trash/full,1.0,vowel_run,Trash:2|Clear:1,"craniui -> cranium (285, edit1)",1.00,,,
"""ouuT..""","""ouuT.."" | OUUT . | OUUt",3,census_contested,confirms_trash/full,1.0,vowel_run,Trash:2|Noisy:1,"ouut -> kout (392, edit1)",1.00,,,
* aial,* aial | AIAL | _ aial,3,census_contested,confirms_trash/full,1.0,vowel_run,Trash:2|Clear:1,,1.00,,,
- naiezu,- naiezu | NAIEZU | naiezu,3,census_contested,at_risk/full,1.0,vowel_run,Noisy:1|Trash:1|Clear:1,naiezu attested 14x but nalezu is 1551x (stronger-twin),1.00,,,
"-OOOOOOOOO""""----“-""""""""--'","-OOOOOOOOO""""----“-""""""""--' | 00000 ooooooooo 00000 | 5 ooooooooo",3,census_contested,confirms_trash/full,1.0,"low_variety,vowel_run",Trash:2|Noisy:1,,1.00,,,
/auer,"/auer | Auer 1 // | auer,",3,census_contested,at_risk/full,1.0,vowel_run,Clear:2|Noisy:1,,1.00,,,
1 AOoA,1 AOoA | AOOA- | Aooa,3,census_contested,confirms_trash/full,1.0,vowel_run,Trash:2|Clear:1,"aooa -> aola (23, edit1)",1.00,,,
1 L okraie,1 L okraie | 1L okraie | 1L okraie .,3,census_contested,confirms_trash/full,1.0,vowel_run,Trash:2|Noisy:1,okraie attested 22x but okraje is 13611x (stronger-twin),1.00,,,
1 PPOP,1 PPOP | PPOP-996-5-151). | PPOP-:,3,census_contested,confirms_trash/full,1.0,initial_geminate,Trash:2|Noisy:1,,1.00,,,
1 Rasiermesser,"1 Rasiermesser | Rasiermesser, | Rasiermesser.",3,census_contested,at_risk/full,1.0,low_variety,Noisy:1|Trash:1|Clear:1,,1.00,,,
1 Zdroj http://oldmaps.geolab.cz/map_viewer.pl?lang=cs&map_root=1vm&map_region=mo&map_list=m065.,1 Zdroj http://oldmaps.geolab.cz/map_viewer.pl?lang=cs&map_root=1vm&map_region=mo&map_list=m065. | [1] Zdroj http://oldmaps.geolab.cz/map_viewer.pl?lang=cs&map_root=1vm&map_region=mo&map_list=m065 | [1] Zdroj http://oldmaps.geolab.cz/map_viewer.pl?lang=cs&map_root=1vm&map_region=mo&map_list=m065.,3,census_contested,at_risk/partial,1.0,low_variety,Noisy:2|Trash:1,,0.80,,,
1 blaues Glas-,1 blaues Glas- | Blaues Glas | blaues Glas,3,census_contested,at_risk/full,1.0,vowel_run,Clear:2|Trash:1,,1.00,,,
1• vvstva,1• vvstva | 4 Vvstva | | /. Vvstva,3,census_contested,confirms_trash/full,1.0,initial_geminate,Trash:2|Noisy:1,"vvstva -> vrstva (19502, edit1)",1.00,,,
2 Poois,2 Poois | Poois,3,census_contested,at_risk/full,1.0,vowel_run,Noisy:2|Clear:1,,1.00,,,
2 lloc,2 lloc | 7 lloc. | llOc/3,3,census_contested,at_risk/full,1.0,initial_geminate,Noisy:2|Trash:1,"lloc -> locm (417, edit1)",1.00,,,
2. dunkelgrauer •,2. dunkelgrauer • | 5. dunkelgrauer | dunkelgrauer,3,census_contested,at_risk/full,1.0,vowel_run,Noisy:2|Clear:1,,1.00,,,
21 aielc,21 aielc | Aielc. | Aielc7-,3,census_contested,at_risk/full,1.0,vowel_run,Clear:2|Noisy:1,"aielc -> aiel (15, edit1)",1.00,,,
23 Eisengegens tände,23 Eisengegens tände | 3 Eisengegens tände | 53 Eisengegens tände,3,census_contested,at_risk/partial,1.0,low_variety,Noisy:2|Trash:1,,0.50,,,
24 doue,24 doue | 76 doue | doue’,3,census_contested,at_risk/full,1.0,vowel_run,Noisy:2|Trash:1,,1.00,,,
3. brauner Feuerstein,3. brauner Feuerstein | Brauner Feuerstein. | brauner Feuerstein.,3,census_contested,at_risk/full,1.0,vowel_run,Clear:2|Noisy:1,,1.00,,,
77 Aoaa,77 Aoaa | AoAA* | Aoaa,3,census_contested,confirms_trash/full,1.0,vowel_run,Trash:2|Noisy:1,"aoaa -> aaaa (63, edit1)",1.00,,,
: 2 Feuersteinknolle,: 2 Feuersteinknolle | ; Feuersteinknolle | Feuersteinknolle.,3,census_contested,at_risk/full,1.0,vowel_run,Noisy:2|Clear:1,"feuersteinknolle -> feuersteinknollen (22, edit1)",1.00,,,
:ssi29gs/1,:ssi29gs/1 | ssi29gs 1 | ssi29gs. 1,3,census_contested,confirms_trash/none,1.0,initial_geminate,Trash:2|Noisy:1,,0.00,,,
AOIA,AOIA | AOia’ | aOIA,3,census_contested,confirms_trash/full,1.0,vowel_run,Trash:2|Clear:1,"aoia -> avia (74, edit1)",1.00,,,
AOOL,AOOL | Aool,3,census_contested,at_risk/full,1.0,vowel_run,Clear:2|Trash:1,,1.00,,,
AOUA,AOUA | 3. /44AOUA ',3,census_contested,at_risk/full,1.0,vowel_run,Clear:2|Trash:1,"aoua -> auta (119, edit1)",1.00,,,
ARCHEOI,ARCHEOI | ARCHEOI 0,3,census_contested,at_risk/full,1.0,vowel_run,Clear:2|Noisy:1,archeoi attested 47x but archeol is 4788x (stronger-twin),1.00,,,
"Archaeologia 62, 381-390.","Archaeologia 62, 381-390. | ARCHAEOLOGIA",3,census_contested,at_risk/full,1.0,vowel_run,Noisy:2|Clear:1,,1.00,,,
Archaia Brno o.n.s,Archaia Brno o.n.s,3,census_contested,at_risk/full,1.0,vowel_run,Noisy:2|Trash:1,,1.00,,,
Bayern.,Bayern. | Bayern,3,census_contested,at_risk/full,1.0,vowel_run,Noisy:2|Clear:1,,1.00,,,
Bezirk Neuenburg.,Bezirk Neuenburg. | Bezirk Neuenburg. .,3,census_contested,at_risk/full,1.0,vowel_run,Clear:2|Noisy:1,,1.00,,,
Buleuee,Buleuee,3,census_contested,at_risk/none,1.0,vowel_run,Noisy:2|Trash:1,,0.00,,,
COUO..,COUO.. | coUo | couO,3,census_contested,confirms_trash/full,1.0,vowel_run,Trash:2|Clear:1,"couo -> cook (118, edit1)",1.00,,,
"Dunkelgrauer Ton,","Dunkelgrauer Ton, | Dunkelgrauer Ton. | dunkelgrauer Ton.",3,census_contested,at_risk/full,1.0,vowel_run,Noisy:2|Trash:1,,1.00,,,
EEETE1 0,EEETE1 0 | EEEte | eeete.,3,census_contested,confirms_trash/none,1.0,"triple,vowel_run",Trash:2|Noisy:1,,0.00,,,
Euere Durchlaucht !,"Euere Durchlaucht ! | Euere Durchlaucht 1 | Euere Durchlaucht,",3,census_contested,at_risk/full,1.0,vowel_run,Noisy:2|Clear:1,"euere -> feuer (218, edit1)",1.00,,,
Faue{,Faue{ | faue | faue-,3,census_contested,confirms_trash/none,1.0,vowel_run,Trash:2|Clear:1,,0.00,,,
"Feuers tein,","Feuers tein, | Feuers tein.",3,census_contested,confirms_trash/full,1.0,vowel_run,Trash:2|Noisy:1,tein attested 49x but fein is 332x (stronger-twin),1.00,,,
Feuerste inmesser,Feuerste inmesser | 12 Feuerste inmesser,3,census_contested,at_risk/partial,1.0,vowel_run,Clear:2|Noisy:1,,0.50,,,
Frauengrab,Frauengrab | Frauengrab 2. | Frauengrab.,3,census_contested,at_risk/full,1.0,vowel_run,Clear:2|Noisy:1,,1.00,,,
Geaen-,"Geaen- | Geaen- . - | Geaen- _ ,",3,census_contested,confirms_trash/full,1.0,vowel_run,Trash:2|Noisy:1,"geaen -> gegen (1109, edit1)",1.00,,,
Getreidereiber,Getreidereiber | 1 Getreidereiber,3,census_contested,at_risk/none,1.0,low_variety,Clear:2|Trash:1,,0.00,,,
Hallatatt-,Hallatatt-,3,census_contested,confirms_trash/full,1.0,low_variety,Trash:2|Noisy:1,"hallatatt -> hallstatt (287, edit1)",1.00,,,
Ident_niveau Popis,Ident_niveau Popis,3,census_contested,at_risk/full,1.0,vowel_run,Noisy:2|Trash:1,,1.00,,,
"Ing.Gebauer-Komotau ,","Ing.Gebauer-Komotau , | Ing.Gebauer-Komotau, | Ing.Gebauer-Komotau.",3,census_contested,at_risk/full,1.0,vowel_run,Clear:2|Trash:1,,1.00,,,
K vyiiz,K vyiiz | K vyiiz. | K vyiiz.• .,3,census_contested,confirms_trash/none,1.0,vowel_run,Trash:2|Clear:1,,0.00,,,
Kaao 11,Kaao 11 | Kaao 5 | kaao’,3,census_contested,at_risk/full,1.0,vowel_run,Noisy:2|Trash:1,"kaao -> kala (397, edit1)",1.00,,,
Kl.Steinmeiel,Kl.Steinmeiel | 1 kl.Steinmeiel,3,census_contested,at_risk/full,1.0,vowel_run,Clear:2|Trash:1,,1.00,,,
Kreoiu,"Kreoiu | Kreoiu * ,",3,census_contested,at_risk/none,1.0,vowel_run,Clear:2|Trash:1,,0.00,,,
Linum usitatissimum-type,Linum usitatissimum-type | Linum usitatissimum-type 1,3,census_contested,confirms_trash/full,1.0,low_variety,Trash:2|Noisy:1,,1.00,,,
Llal,Llal | Llal202. ; | llal{,3,census_contested,confirms_trash/full,1.0,initial_geminate,Trash:2|Clear:1,"llal -> lila (178, edit1)",1.00,,,
M ASKOVIUE,M ASKOVIUE,3,census_contested,at_risk/none,1.0,vowel_run,Noisy:2|Trash:1,,0.00,,,
M Interpretace stlisiotiie,M Interpretace stlisiotiie,3,census_contested,confirms_trash/partial,1.0,vowel_run,Trash:2|Noisy:1,,0.50,,,
Mayer),"Mayer) | Mayer) . | Mayer,",3,census_contested,at_risk/full,1.0,vowel_run,Noisy:2|Clear:1,,1.00,,,
Meiels,Meiels,3,census_contested,at_risk/full,1.0,vowel_run,Clear:2|Trash:1,"meiels -> meines (96, edit1)",1.00,,,
Neubauamt des Regierungs,Neubauamt des Regierungs | Neubauamt des Regierungs- | Neubauamt des Regierungs=,3,census_contested,at_risk/partial,1.0,vowel_run,Clear:2|Noisy:1,,0.50,,,
OMUIOU,OMUIOU,3,census_contested,confirms_trash/none,1.0,vowel_run,Trash:2|Clear:1,,0.00,,,
OUOIPT,OUOIPT,3,census_contested,at_risk/none,1.0,vowel_run,Clear:2|Trash:1,,0.00,,,
OUOISN,OUOISN,3,census_contested,confirms_trash/none,1.0,vowel_run,Trash:2|Clear:1,,0.00,,,
OUOIUO,OUOIUO,3,census_contested,confirms_trash/none,1.0,vowel_run,Trash:2|Clear:1,,0.00,,,
OUOIUP,OUOIUP,3,census_contested,at_risk/none,1.0,vowel_run,Clear:2|Trash:1,,0.00,,,
OUOIUT,OUOIUT,3,census_contested,confirms_trash/none,1.0,vowel_run,Trash:2|Clear:1,,0.00,,,
OUOIVO,OUOIVO,3,census_contested,at_risk/none,1.0,vowel_run,Clear:2|Trash:1,,0.00,,,
OUUINM,OUUINM,3,census_contested,at_risk/none,1.0,vowel_run,Clear:2|Trash:1,,0.00,,,
OUUIOU,OUUIOU,3,census_contested,at_risk/none,1.0,vowel_run,Clear:2|Trash:1,,0.00,,,
OUUITS,OUUITS,3,census_contested,at_risk/none,1.0,vowel_run,Clear:2|Trash:1,,0.00,,,
OUUITU,OUUITU,3,census_contested,at_risk/none,1.0,vowel_run,Clear:2|Trash:1,,0.00,,,
OUUITV,OUUITV,3,census_contested,confirms_trash/none,1.0,vowel_run,Trash:2|Clear:1,,0.00,,,
OUUIUR,OUUIUR,3,census_contested,at_risk/none,1.0,vowel_run,Clear:2|Trash:1,,0.00,,,
Oood,Oood | OOOD),3,census_contested,at_risk/full,1.0,"triple,vowel_run",Clear:2|Trash:1,"oood -> wood (246, edit1)",1.00,,,
PRAAA 1,PRAAA 1 | PraAA ( | Praaa,3,census_contested,confirms_trash/full,1.0,"triple,vowel_run",Trash:2|Noisy:1,,1.00,,,
"Prahy,Praha 1943","Prahy,Praha 1943 | Prahy,Praha, | Prahy,Praha.",3,census_contested,at_risk/none,1.0,low_variety,Clear:2|Noisy:1,,0.00,,,
Reichsstatthalterei.,Reichsstatthalterei. | Reichsstatthalterei .,3,census_contested,at_risk/none,1.0,low_variety,Clear:2|Noisy:1,,0.00,,,
Retchsgeschäftsstelle:,Retchsgeschäftsstelle: | . Retchsgeschäftsstelle:,3,census_contested,at_risk/none,1.0,low_variety,Clear:2|Noisy:1,,0.00,,,
"Rudiaischacht, Grab","Rudiaischacht, Grab | 1 Rudiaischacht, Grab",3,census_contested,at_risk/partial,1.0,vowel_run,Clear:2|Trash:1,,0.50,,,
SScE,SScE | Ssce | Ssce :,3,census_contested,confirms_trash/full,1.0,initial_geminate,Trash:1|Clear:1|Noisy:1,"ssce -> sice (3993, edit1)",1.00,,,
SSoE* ’,SSoE* ’ | Ssoe | ssoe -,3,census_contested,confirms_trash/none,1.0,initial_geminate,Trash:2|Clear:1,,0.00,,,
Schauenstein.,"Schauenstein. | Schauenstein),",3,census_contested,at_risk/none,1.0,vowel_run,Clear:2|Noisy:1,,0.00,,,
Statistika:,Statistika: | 7. Statistika,3,census_contested,confirms_trash/full,1.0,low_variety,Trash:2|Noisy:1,,1.00,,,
VYSKA POSTAVY (Maouvrier):,VYSKA POSTAVY (Maouvrier): | VYSKA POSTAVY (MaoUVrier):,3,census_contested,at_risk/full,1.0,vowel_run,Clear:2|Trash:1,"vyska attested 215x but výška is 17727x (diacritics); maouvrier -> manouvrier (44, edit1)",1.00,,,
"XXXVIII,S. (15).","XXXVIII,S. (15). | XXXVIII,S. (15).- | XXXVIII,S.(15).-",3,census_contested,confirms_trash/full,1.0,"initial_geminate,low_variety,triple,vowel_run",Trash:2|Noisy:1,"xxxviii,s -> xxxiii,s (17, edit1)",1.00,,,
ZAMEAIL IX.1971,ZAMEAIL IX.1971 | ZAMEAIL IX. 1993,3,census_contested,at_risk/full,1.0,vowel_run,Noisy:2|Trash:1,,1.00,,,
Zeiezo 5,Zeiezo 5 | Zeiezo : | zeiezo : +,3,census_contested,at_risk/full,1.0,vowel_run,Noisy:2|Trash:1,"zeiezo -> zelezo (66, confusion)",1.00,,,
aiidl.Abdachung -,aiidl.Abdachung - | aiidl.Abdachung 24 | aiidl.Abdachung 26,3,census_contested,at_risk/partial,1.0,vowel_run,Noisy:2|Trash:1,,0.50,,,
ccal,ccal | ccal |,3,census_contested,at_risk/full,1.0,initial_geminate,Clear:2|Trash:1,"ccal -> carl (50, edit1)",1.00,,,
e mail: mhauer@zip-ops.cz,e mail: mhauer@zip-ops.cz,3,census_contested,at_risk/full,1.0,vowel_run,Noisy:2|Trash:1,,1.00,,,
e-mail: officeauappmost.cz,e-mail: officeauappmost.cz,3,census_contested,confirms_trash/full,1.0,vowel_run,Trash:2|Noisy:1,"officeauappmost -> office@uappmost (12, edit1)",1.00,,,
e-mail: prokopova@praha.npu.cz,e-mail: prokopova@praha.npu.cz,3,census_contested,confirms_trash/partial,1.0,low_variety,Trash:2|Noisy:1,,0.50,,,
geeignet.,geeignet. | geeignet.),3,census_contested,at_risk/full,1.0,vowel_run,Clear:2|Noisy:1,,1.00,,,
geglättete Oberfläche.,"geglättete Oberfläche. | ""geglättete Oberfläche. """,3,census_contested,at_risk/full,1.0,low_variety,Clear:2|Noisy:1,,1.00,,,
hinter-Rudiay-,hinter-Rudiay- | — hinter-Rudiay- 681,3,census_contested,at_risk/full,1.0,vowel_run,Clear:2|Noisy:1,,1.00,,,
lokalita: Smoiin 2,lokalita: Smoiin 2,3,census_contested,at_risk/partial,1.0,vowel_run,Noisy:2|Trash:1,,0.50,,,
maiy prezvykavec,maiy prezvykavec,3,census_contested,confirms_trash/full,1.0,vowel_run,Trash:2|Noisy:1,"maiy -> mapy (35170, edit1); prezvykavec -> přežvýkavec (53, diacritics)",1.00,,,
maye:,maye: | maye,3,census_contested,confirms_trash/full,1.0,vowel_run,Trash:2|Clear:1,,1.00,,,
mmer,mmer | MMER,3,census_contested,at_risk/full,1.0,initial_geminate,Clear:2|Trash:1,,1.00,,,
neolitu/eneolitu.,neolitu/eneolitu. | neolitu/eneolitu?,3,census_contested,at_risk/full,1.0,low_variety,Noisy:2|Trash:1,,1.00,,,
plynovod a vodovod.,plynovod a vodovod. | plynovod a vodovod,3,census_contested,at_risk/full,1.0,low_variety,Clear:2|Trash:1,,1.00,,,
pomery/geomorfologie/stredomoravska-niva/).,pomery/geomorfologie/stredomoravska-niva/).,3,census_contested,at_risk/partial,1.0,low_variety,Noisy:2|Trash:1,,0.50,,,
unpodeyuu,unpodeyuu,3,census_contested,at_risk/none,1.0,vowel_run,Clear:2|Trash:1,,0.00,,,
v trase vodovodu.,v trase vodovodu. | v trase vodovodu,3,census_contested,at_risk/full,1.0,low_variety,Noisy:2|Trash:1,,1.00,,,
"vodovod, kanalizace","vodovod, kanalizace | (vodovod, kanalizace).",3,census_contested,at_risk/full,1.0,low_variety,Clear:2|Trash:1,,1.00,,,
yoor,"yoor | Yoor,",3,census_contested,at_risk/full,1.0,vowel_run,Clear:2|Trash:1,"yoor -> york (266, edit1)",1.00,,,
"""/ Ceue.""","""/ Ceue."" | ceue",2,census_contested,confirms_trash/full,1.0,vowel_run,Trash:1|Clear:1,"ceue -> neue (578, edit1)",1.00,,,
"""Der Neue Tag""","""Der Neue Tag"" | Der Neue Tag",2,census_contested,confirms_trash/full,1.0,vowel_run,Trash:1|Clear:1,,1.00,,,
' Stmauigralicky,' Stmauigralicky | Stmauigralicky,2,census_contested,at_risk/none,1.0,vowel_run,Noisy:1|Clear:1,,0.00,,,
( Aiek 4,( Aiek 4 | • Aiek’,2,census_contested,at_risk/full,1.0,vowel_run,Noisy:1|Trash:1,"aiek -> diek (54, edit1)",1.00,,,
( Oual&.,( Oual&. | 46.2 ..Oual,2,census_contested,confirms_trash/none,1.0,vowel_run,Trash:1|Noisy:1,,0.00,,,
( Trichterbecherkultur),( Trichterbecherkultur) | Trichterbecherkultur.,2,census_contested,at_risk/full,1.0,low_variety,Noisy:1|Clear:1,,1.00,,,
(' vvzkumu:,(' vvzkumu: | vvzkumu,2,census_contested,at_risk/full,1.0,initial_geminate,Noisy:1|Clear:1,,1.00,,,
(7 • ccuo,(7 • ccuo | CCUO,2,census_contested,confirms_trash/full,1.0,initial_geminate,Trash:1|Clear:1,"ccuo -> caco (36, edit1)",1.00,,,
(Komotauer,(Komotauer | Komotauer,2,census_contested,confirms_trash/full,1.0,vowel_run,Trash:1|Clear:1,,1.00,,,
(MMK/KNP) ' ',(MMK/KNP) ' ' | 1655 1172 MMK/KNP,2,census_contested,confirms_trash/none,1.0,initial_geminate,Trash:1|Noisy:1,,0.00,,,
(http://www.brtnice.cz/historie-mesta),(http://www.brtnice.cz/historie-mesta) | http://www.brtnice.cz/historie-mesta,2,census_contested,at_risk/full,1.0,triple,Noisy:1|Trash:1,mesta attested 232x but města is 9999x (diacritics),1.00,,,
(http://www.geology.cz/app/ciselniky/lokalizace/show map.php?mapa=g50&y=568600&x=1,(http://www.geology.cz/app/ciselniky/lokalizace/show map.php?mapa=g50&y=568600&x=1 | http://www.geology.cz/app/ciselniky/lokalizace/show map.php?mapa=g50&y=568600&x=1,2,census_contested,at_risk/partial,1.0,"low_variety,triple",Noisy:1|Trash:1,,0.75,,,
(http://www.jesenice-ra.cz/),(http://www.jesenice-ra.cz/) | http://www.jesenice-ra.cz/,2,census_contested,at_risk/full,1.0,triple,Noisy:1|Trash:1,,1.00,,,
(http://www.malhotice.cz/informace-o-obci/soucasnost).,(http://www.malhotice.cz/informace-o-obci/soucasnost). | http://www.malhotice.cz/informace-o-obci/soucasnost,2,census_contested,at_risk/partial,1.0,triple,Noisy:1|Trash:1,"malhotice -> malotice (27, edit1)",0.75,,,
(llla,(llla,2,census_contested,confirms_trash/full,1.0,"initial_geminate,triple",Trash:1|Noisy:1,"llla -> lila (178, confusion)",1.00,,,
", AouJ",", AouJ | Aouj",2,census_contested,confirms_trash/full,1.0,vowel_run,Trash:1|Clear:1,"aouj -> jaou (99, edit1)",1.00,,,
-DREYO _,-DREYO _ | DREYO,2,census_contested,at_risk/full,1.0,vowel_run,Noisy:1|Trash:1,"dreyo -> drevo (181, edit1)",1.00,,,
-ttte,-ttte | ttte..,2,census_contested,at_risk/full,1.0,"initial_geminate,triple",Noisy:1|Trash:1,"ttte -> tete (105, edit1)",1.00,,,
. VOUE,. VOUE | VOUe,2,census_contested,at_risk/full,1.0,vowel_run,Noisy:1|Trash:1,"voue -> dvou (16648, edit1)",1.00,,,
.1. Druii,.1. Druii | DRUII,2,census_contested,at_risk/none,1.0,vowel_run,Noisy:1|Trash:1,,0.00,,,
/llks/,/llks/ | llks,2,census_contested,confirms_trash/full,1.0,initial_geminate,Trash:1|Noisy:1,"llks -> alls (30, edit1)",1.00,,,
/seay,/seay | seay *,2,census_contested,at_risk/full,1.0,vowel_run,Clear:1|Noisy:1,"seay -> sady (817, edit1)",1.00,,,
/vvol,/vvol | Vvol,2,census_contested,confirms_trash/full,1.0,initial_geminate,Trash:1|Clear:1,"vvol -> volu (123, edit1)",1.00,,,
"0 dna-ll,Ocm","0 dna-ll,Ocm",2,census_contested,at_risk/full,1.0,initial_geminate,Noisy:1|Trash:1,"ll,ocm -> llocm (55, edit1)",1.00,,,
08 zygomatioum,08 zygomatioum | 10. zygomatioum,2,census_contested,at_risk/full,1.0,vowel_run,Noisy:1|Trash:1,"zygomatioum -> zygomaticum (311, edit1)",1.00,,,
1 - MAUA,1 - MAUA | MAuA/%,2,census_contested,at_risk/full,1.0,vowel_run,Noisy:1|Trash:1,"maua -> mapa (7949, edit1)",1.00,,,
1 : fOOO.,1 : fOOO. | Fooo 4 •,2,census_contested,confirms_trash/full,1.0,"triple,vowel_run",Trash:1|Noisy:1,"fooo -> foto (7866, edit1)",1.00,,,
1 Eisengegen-,1 Eisengegen- | | 18 Eisengegen-,2,census_contested,at_risk/none,1.0,low_variety,Noisy:1|Trash:1,,0.00,,,
1 Feuersteinartefakt,1 Feuersteinartefakt | Feuersteinartefakt,2,census_contested,at_risk/none,1.0,vowel_run,Noisy:1|Clear:1,,0.00,,,
1 Meiel aus,1 Meiel aus | Meiel aus,2,census_contested,confirms_trash/full,1.0,vowel_run,Trash:1|Clear:1,,1.00,,,
1 Steinmeie.,1 Steinmeie. | Steinmeie.,2,census_contested,at_risk/full,1.0,vowel_run,Noisy:1|Trash:1,"steinmeie -> steinmeiel (22, edit1)",1.00,,,
1 UAITA,1 UAITA | UAITA,2,census_contested,at_risk/full,1.0,vowel_run,Noisy:1|Clear:1,"uaita -> užita (572, edit1)",1.00,,,
1 dreieckige Pfeilspitze,"1 dreieckige Pfeilspitze | Dreieckige Pfeilspitze,",2,census_contested,at_risk/full,1.0,vowel_run,Noisy:1|Clear:1,,1.00,,,
1 https://www.edpp.cz/brs charakteristika-zajmoveho-uzemi/,1 https://www.edpp.cz/brs charakteristika-zajmoveho-uzemi/ | https://www.edpp.cz/brs charakteristika-zajmoveho-uzemi/,2,census_contested,at_risk/partial,1.0,triple,Noisy:1|Trash:1,zajmoveho attested 36x but zájmového is 1116x (diacritics); uzemi attested 94x but území is 31282x (diacritics),0.83,,,
11 okraie Dolevany,11 okraie Dolevany | 11. okraie Dolevany,2,census_contested,at_risk/partial,1.0,vowel_run,Noisy:1|Trash:1,okraie attested 22x but okraje is 13611x (stronger-twin),0.50,,,
"2 ./ Hhlenhyäne,","2 ./ Hhlenhyäne, | Hhlenhyäne,",2,census_contested,at_risk/none,1.0,initial_geminate,Noisy:1|Clear:1,,0.00,,,
"2, grauer,gutgeschlämmter Ton.","2, grauer,gutgeschlämmter Ton. | grauer,gutgeschlämmter Ton",2,census_contested,at_risk/none,1.0,vowel_run,Noisy:1|Clear:1,,0.00,,,
"2. Feuerstein, grau,","2. Feuerstein, grau, | Feuerstein, grau.",2,census_contested,at_risk/full,1.0,vowel_run,Noisy:1|Trash:1,,1.00,,,
2./ Gr.Ouerbreite dessel.,2./ Gr.Ouerbreite dessel. | Gr.Ouerbreite dessel.,2,census_contested,confirms_trash/partial,1.0,vowel_run,Trash:1|Clear:1,,0.50,,,
2.2 .Geoelectrical survey,2.2 .Geoelectrical survey | GEOELECTRICAL SURVEY,2,census_contested,at_risk/partial,1.0,vowel_run,Noisy:1|Clear:1,,0.50,,,
2.hellgrauer 11 11,2.hellgrauer 11 11 | HELLGRAUER,2,census_contested,at_risk/full,1.0,vowel_run,Noisy:1|Trash:1,,1.00,,,
"21 graue Steine-Basalt,","21 graue Steine-Basalt, | 7 graue Steine-Basalt,",2,census_contested,at_risk/full,1.0,vowel_run,Noisy:1|Trash:1,,1.00,,,
"234, OAIL","234, OAIL | OAil",2,census_contested,at_risk/full,1.0,vowel_run,Noisy:1|Trash:1,"oail -> mail (4284, edit1)",1.00,,,
2404/462. 4 AoAC,2404/462. 4 AoAC | AOAC,2,census_contested,confirms_trash/full,1.0,vowel_run,Trash:1|Clear:1,"aoac -> aace (24, edit1)",1.00,,,
25 9 leei,25 9 leei | Leei,2,census_contested,at_risk/full,1.0,vowel_run,Noisy:1|Trash:1,"leei -> lese (1945, edit1)",1.00,,,
3 http://www.halenkovice.cz/,3 http://www.halenkovice.cz/ | http://www.halenkovice.cz/,2,census_contested,at_risk/full,1.0,triple,Noisy:1|Trash:1,,1.00,,,
3 https://www.brusne.cz/informace/,3 https://www.brusne.cz/informace/ | https://www.brusne.cz/informace/,2,census_contested,at_risk/full,1.0,triple,Noisy:1|Trash:1,"brusne -> brusle (379, edit1)",1.00,,,
3 yooe,3 yooe | Yooe,2,census_contested,at_risk/full,1.0,vowel_run,Noisy:1|Trash:1,"yooe -> oboe (96, edit1)",1.00,,,
4 Tooun. .,4 Tooun. . | tooun,2,census_contested,at_risk/full,1.0,vowel_run,Noisy:1|Clear:1,"tooun -> tovou (27, edit1)",1.00,,,
4 http://www.vilemwalter.cz/mapy/,4 http://www.vilemwalter.cz/mapy/ | http://www.vilemwalter.cz/mapy/),2,census_contested,at_risk/partial,1.0,triple,Noisy:1|Trash:1,,0.67,,,
4 https://www.obecpaclavice.cz/obec/informace-o-obci/historie/,4 https://www.obecpaclavice.cz/obec/informace-o-obci/historie/ | https://www.obecpaclavice.cz/obec/informace-o-obci/historie/,2,census_contested,at_risk/partial,1.0,triple,Noisy:1|Trash:1,,0.50,,,
4 https://www.vscr.cz/veznice-a-uvzd-opava/informacni-servis/historie/,4 https://www.vscr.cz/veznice-a-uvzd-opava/informacni-servis/historie/ | https://www.vscr.cz/veznice-a-uvzd-opava/informacni-servis/historie/,2,census_contested,at_risk/partial,1.0,triple,Noisy:1|Trash:1,"vscr -> avcr (247, edit1); uvzd -> výzd (218, edit1)",0.50,,,
4. Aeut.,"4. Aeut. | Aeut, .",2,census_contested,at_risk/full,1.0,vowel_run,Noisy:1|Trash:1,"aeut -> auto (251, edit1)",1.00,,,
"4207472 graue,","4207472 graue, | graue",2,census_contested,at_risk/full,1.0,vowel_run,Noisy:1|Clear:1,,1.00,,,
5 http://www.mapy.cz/letecka,5 http://www.mapy.cz/letecka | http://www.mapy.cz/letecka,2,census_contested,at_risk/partial,1.0,triple,Noisy:1|Trash:1,,0.67,,,
6.%. LOOA,6.%. LOOA | Looa®,2,census_contested,at_risk/full,1.0,vowel_run,Noisy:1|Trash:1,"looa -> loko (170, edit1)",1.00,,,
7 DDAHA,7 DDAHA | DDAHA,2,census_contested,at_risk/full,1.0,initial_geminate,Noisy:1|Trash:1,"ddaha -> draha (49, edit1)",1.00,,,
7 auor,7 auor | Auor,2,census_contested,at_risk/full,1.0,vowel_run,Noisy:1|Clear:1,"auor -> autor (14440, edit1)",1.00,,,
74/ /luee,74/ /luee | lUEE,2,census_contested,at_risk/full,1.0,vowel_run,Noisy:1|Trash:1,"luee -> lese (1945, edit1)",1.00,,,
"794_17_20.Objekt 500, ortofoto.","794_17_20.Objekt 500, ortofoto. | Objekt 500, ortofoto",2,census_contested,confirms_trash/full,1.0,low_variety,Trash:1|Noisy:1,,1.00,,,
"794_17_31.Objekt 506, ortofoto.","794_17_31.Objekt 506, ortofoto. | Objekt 506, ortofoto",2,census_contested,confirms_trash/full,1.0,low_variety,Trash:1|Noisy:1,,1.00,,,
"794_17_33.Objekt 507, ortofoto.","794_17_33.Objekt 507, ortofoto. | Objekt 507, ortofoto",2,census_contested,confirms_trash/full,1.0,low_variety,Trash:1|Noisy:1,,1.00,,,
"794_17_35.Objekt 508, ortofoto.","794_17_35.Objekt 508, ortofoto. | Objekt 508, ortofoto",2,census_contested,confirms_trash/full,1.0,low_variety,Trash:1|Noisy:1,,1.00,,,
"8""24* ; Zieg.Meierhof","8""24* ; Zieg.Meierhof | ■ Zieg.Meierhof",2,census_contested,confirms_trash/full,1.0,vowel_run,Trash:1|Noisy:1,,1.00,,,
83 Fooi 30,83 Fooi 30 | Fooi-,2,census_contested,at_risk/full,1.0,vowel_run,Noisy:1|Clear:1,"fooi -> foto (7866, edit1)",1.00,,,
9 ( woue,9 ( woue | wOue,2,census_contested,at_risk/full,1.0,vowel_run,Noisy:1|Trash:1,"woue -> ouze (64, edit1)",1.00,,,
: Molar/praemolar inferior,: Molar/praemolar inferior | Molar/praemolar inferior,2,census_contested,at_risk/full,1.0,low_variety,Noisy:1|Clear:1,,1.00,,,
"A.Steberl,Steberlmuhle","A.Steberl,Steberlmuhle | A.Steberl,Steberlmuhle.",2,census_contested,confirms_trash/none,1.0,low_variety,Trash:1|Noisy:1,,0.00,,,
AOOC,"AOOC | | &/AOoc, •",2,census_contested,at_risk/full,1.0,vowel_run,Clear:1|Trash:1,"aooc -> oocm (23, edit1)",1.00,,,
AOOR,AOOR | Aoor,2,census_contested,at_risk/full,1.0,vowel_run,Clear:1|Trash:1,"aoor -> koor (170, edit1)",1.00,,,
AOOS,AOOS | Aoos,2,census_contested,at_risk/full,1.0,vowel_run,Clear:1|Trash:1,"aoos -> zoos (54, edit1)",1.00,,,
"ARCHAIA BKNO, O.P.S.","ARCHAIA BKNO, O.P.S.",2,census_contested,at_risk/full,1.0,vowel_run,Noisy:1|Trash:1,"bkno -> brno (24076, edit1)",1.00,,,
ARCHIAIA,ARCHIAIA,2,census_contested,confirms_trash/full,1.0,vowel_run,Trash:1|Noisy:1,"archiaia -> archaia (3300, edit1)",1.00,,,
AUUI -,AUUI - | Auui,2,census_contested,at_risk/full,1.0,vowel_run,Noisy:1|Trash:1,"auui -> aulu (48, edit1)",1.00,,,
"Angabe ausdennBemerkungen""zurSammlungSteiner-Schaab","Angabe ausdennBemerkungen""zurSammlungSteiner-Schaab",2,census_contested,at_risk/partial,1.0,low_variety,Noisy:1|Trash:1,,0.67,,,
AoAd,AoAd | « —Aoad,2,census_contested,confirms_trash/full,1.0,vowel_run,Trash:1|Noisy:1,"aoad -> apod (8870, edit1)",1.00,,,
Aoal /,Aoal / | | AOAL,2,census_contested,confirms_trash/full,1.0,vowel_run,Trash:1|Noisy:1,"aoal -> obal (626, edit1)",1.00,,,
Auernochsen,Auernochsen | | Auernochsen,2,census_contested,at_risk/none,1.0,vowel_run,Clear:1|Noisy:1,,0.00,,,
Auov,"Auov | Auov, 2744",2,census_contested,at_risk/full,1.0,vowel_run,Clear:1|Trash:1,"auov -> auto (251, edit1)",1.00,,,
Bräuer,Bräuer | Bräuer 7,2,census_contested,at_risk/full,1.0,vowel_run,Clear:1|Noisy:1,"bräuer -> bruder (54, edit1)",1.00,,,
CAYA,CAYA | CAya-',2,census_contested,at_risk/full,1.0,vowel_run,Clear:1|Trash:1,"caya -> csay (60, edit1)",1.00,,,
Ccoc,Ccoc | ccoC,2,census_contested,at_risk/full,1.0,initial_geminate,Clear:1|Trash:1,"ccoc -> choc (40, edit1)",1.00,,,
Cieated by ...,Cieated by ... | Cieated by...,2,census_contested,at_risk/full,1.0,vowel_run,Noisy:1|Clear:1,"cieated -> created (1518, edit1)",1.00,,,
DOSTAVBA VODOVODU,DOSTAVBA VODOVODU,2,census_contested,at_risk/full,1.0,low_variety,Clear:1|Trash:1,,1.00,,,
Eaee,Eaee,2,census_contested,at_risk/full,1.0,vowel_run,Noisy:1|Trash:1,,1.00,,,
Eeilagen,Eeilagen | Eeilagen /,2,census_contested,at_risk/full,1.0,vowel_run,Clear:1|Noisy:1,"eeilagen -> beilagen (127, edit1)",1.00,,,
Erinaceus europaeus,Erinaceus europaeus | Erinaceus europaeus:,2,census_contested,at_risk/full,1.0,vowel_run,Clear:1|Noisy:1,,1.00,,,
Euer Hochwohlgeboren,Euer Hochwohlgeboren | Euer Hochwohlgeboren 1,2,census_contested,confirms_trash/partial,1.0,vowel_run,Trash:1|Noisy:1,,0.50,,,
Euer Wohlgeboren,Euer Wohlgeboren | Euer Wohlgeboren !,2,census_contested,at_risk/partial,1.0,vowel_run,Clear:1|Noisy:1,,0.50,,,
EyOuI,EyOuI | eyoui-,2,census_contested,confirms_trash/none,1.0,vowel_run,Trash:1|Clear:1,,0.00,,,
FFUK Praha,FFUK Praha | FFUK Praha.,2,census_contested,at_risk/full,1.0,initial_geminate,Noisy:1|Trash:1,,1.00,,,
Feuersteinabsplisse .,"Feuersteinabsplisse . | Feuersteinabsplisse,",2,census_contested,at_risk/none,1.0,vowel_run,Noisy:1|Clear:1,,0.00,,,
Flachmeielfragm.,Flachmeielfragm. | Flachmeielfragm. 5091 12312,2,census_contested,at_risk/none,1.0,vowel_run,Clear:1|Noisy:1,,0.00,,,
Flurname: Rudiay I,Flurname: Rudiay I | Flurname: Rudiay I.,2,census_contested,at_risk/full,1.0,vowel_run,Noisy:1|Clear:1,,1.00,,,
"GEOOEZIE, GEOLOGIE. DOKUMENTACE","GEOOEZIE, GEOLOGIE. DOKUMENTACE | GEOOEZiE, GEOLOGIE. DOKUMENTACE",2,census_contested,confirms_trash/full,1.0,vowel_run,Trash:1|Noisy:1,"geooezie -> geodezie (99, edit1)",1.00,,,
Grauer Hornstein.,Grauer Hornstein. | Grauer Hornstein. -,2,census_contested,at_risk/full,1.0,vowel_run,Clear:1|Noisy:1,,1.00,,,
Grauweier Knochen,Grauweier Knochen | grauweier Knochen.,2,census_contested,at_risk/partial,1.0,vowel_run,Clear:1|Trash:1,,0.50,,,
HAEI,HAEI | Haei,2,census_contested,at_risk/full,1.0,vowel_run,Clear:1|Trash:1,"haei -> habe (602, edit1)",1.00,,,
HEIE,HEIE | Heie-,2,census_contested,at_risk/full,1.0,vowel_run,Clear:1|Trash:1,"heie -> eine (3128, edit1)",1.00,,,
HHer,HHer | Hher,2,census_contested,confirms_trash/full,1.0,initial_geminate,Trash:1|Clear:1,,1.00,,,
Hallstattola-,Hallstattola-,2,census_contested,at_risk/none,1.0,low_variety,Noisy:1|Trash:1,,0.00,,,
IAIN,IAIN | iain.”,2,census_contested,at_risk/full,1.0,vowel_run,Clear:1|Trash:1,"iain -> pian (1835, edit1)",1.00,,,
IBS (craium) :,IBS (craium) : | IBS (craium):,2,census_contested,at_risk/full,1.0,vowel_run,Noisy:1|Clear:1,"craium -> cranium (285, edit1)",1.00,,,
IDS (craium) :,IDS (craium) : | IDS (craium):,2,census_contested,at_risk/full,1.0,vowel_run,Noisy:1|Clear:1,"craium -> cranium (285, edit1)",1.00,,,
"In.Gebauer, Komotau,","In.Gebauer, Komotau,",2,census_contested,at_risk/full,1.0,vowel_run,Clear:1|Trash:1,,1.00,,,
"Ingenieur Huber,","Ingenieur Huber, | Ingenieur Huber, .",2,census_contested,confirms_trash/full,1.0,vowel_run,Trash:1|Noisy:1,,1.00,,,
JJ/KK-XIV obj,JJ/KK-XIV obj | JJ/KK-XIV obj. 80,2,census_contested,confirms_trash/none,1.0,initial_geminate,Trash:1|Noisy:1,,0.00,,,
Jemni kompouenta :,Jemni kompouenta : | Jemni kompouenta.:,2,census_contested,confirms_trash/full,1.0,vowel_run,Trash:1|Noisy:1,"kompouenta -> komponenta (1195, edit1)",1.00,,,
KEUIB.,KEUIB.,2,census_contested,confirms_trash/none,1.0,vowel_run,Trash:1|Clear:1,,0.00,,,
KLUKOUICE,KLUKOUICE | \ KLUKOUICE,2,census_contested,at_risk/none,1.0,vowel_run,Clear:1|Noisy:1,,0.00,,,
KLUUOv.,KLUUOv. | Kluuov .,2,census_contested,confirms_trash/full,1.0,vowel_run,Trash:1|Noisy:1,"kluuov -> klučov (159, edit1)",1.00,,,
"Kulturschichte,teilweise inkrustiert,","Kulturschichte,teilweise inkrustiert, | Kulturschichte,teilweise inkrustiert, 2.1904.",2,census_contested,at_risk/partial,1.0,low_variety,Clear:1|Noisy:1,,0.50,,,
LLpinka,LLpinka | Llpinka,2,census_contested,confirms_trash/full,1.0,initial_geminate,Trash:1|Clear:1,"llpinka -> lipinka (27, confusion)",1.00,,,
LTeue,LTeue | Lteue,2,census_contested,confirms_trash/full,1.0,vowel_run,Trash:1|Clear:1,"lteue -> leute (104, edit1)",1.00,,,
MASARYYOVO MUZEUM,MASARYYOVO MUZEUM,2,census_contested,at_risk/full,1.0,vowel_run,Noisy:1|Trash:1,"masaryyovo -> masarykovo (583, edit1)",1.00,,,
Mnoia,Mnoia | Mnoia-,2,census_contested,at_risk/full,1.0,vowel_run,Clear:1|Noisy:1,"mnoia -> mnoha (1729, edit1)",1.00,,,
Museum Iaun.,Museum Iaun.,2,census_contested,at_risk/full,1.0,vowel_run,Clear:1|Trash:1,"iaun -> pian (1835, edit1)",1.00,,,
Museum Kvaeice,Museum Kvaeice,2,census_contested,confirms_trash/full,1.0,vowel_run,Trash:1|Noisy:1,"kvaeice -> kvasice (26, edit1)",1.00,,,
NALEAY:,NALEAY: | NALeaY,2,census_contested,at_risk/full,1.0,vowel_run,Clear:1|Trash:1,"naleay -> nalezy (213, edit1)",1.00,,,
NEEic,NEEic | neeic,2,census_contested,confirms_trash/full,1.0,vowel_run,Trash:1|Clear:1,"neeic -> nemec (13, edit1)",1.00,,,
NNEN HELLGRAU,NNEN HELLGRAU | NNEN HELLGRAU ■,2,census_contested,at_risk/full,1.0,initial_geminate,Clear:1|Noisy:1,,1.00,,,
NNMV,NNMV,2,census_contested,at_risk/full,1.0,initial_geminate,Noisy:1|Trash:1,"nnmv -> nmnm (46, edit1)",1.00,,,
Na phdoie,Na phdoie | Na phdoie §,2,census_contested,at_risk/none,1.0,vowel_run,Clear:1|Trash:1,,0.00,,,
Neutronenaktivierungsanalyse (NAA),Neutronenaktivierungsanalyse (NAA) | Neutronenaktivierungsanalyse (NAA) 36,2,census_contested,at_risk/none,1.0,low_variety,Clear:1|Noisy:1,,0.00,,,
OAAED,OAAED | oAAED,2,census_contested,at_risk/none,1.0,vowel_run,Clear:1|Trash:1,,0.00,,,
OBEC Zlonioe,OBEC Zlonioe | obec Zlonioe,2,census_contested,confirms_trash/full,1.0,vowel_run,Trash:1|Noisy:1,"zlonioe -> zlonice (49, edit1)",1.00,,,
OLOMOUIC,OLOMOUIC | OLOMOUIC 8-0,2,census_contested,at_risk/full,1.0,vowel_run,Clear:1|Noisy:1,"olomouic -> olomouc (6317, edit1)",1.00,,,
OUOIOP,OUOIOP,2,census_contested,at_risk/none,1.0,vowel_run,Clear:1|Trash:1,,0.00,,,
OUOIOS,OUOIOS,2,census_contested,at_risk/none,1.0,vowel_run,Clear:1|Trash:1,,0.00,,,
OUOIOU,OUOIOU,2,census_contested,at_risk/none,1.0,vowel_run,Clear:1|Trash:1,,0.00,,,
OUOIPO,OUOIPO,2,census_contested,at_risk/none,1.0,vowel_run,Clear:1|Trash:1,,0.00,,,
OUOIVS,OUOIVS,2,census_contested,confirms_trash/none,1.0,vowel_run,Trash:1|Clear:1,,0.00,,,
OUUIMN,OUUIMN,2,census_contested,at_risk/none,1.0,vowel_run,Clear:1|Trash:1,,0.00,,,
OUUIPN,OUUIPN,2,census_contested,at_risk/none,1.0,vowel_run,Clear:1|Trash:1,,0.00,,,
Oout,Oout | oout —0,2,census_contested,at_risk/full,1.0,vowel_run,Clear:1|Noisy:1,"oout -> obou (15337, edit1)",1.00,,,
Opatovioe n.L.- 1958.,Opatovioe n.L.- 1958. | Opatovioe n.L.-1958,2,census_contested,at_risk/full,1.0,vowel_run,Noisy:1|Trash:1,"opatovioe -> opatovice (281, edit1)",1.00,,,
Ouerausdehnung des,Ouerausdehnung des,2,census_contested,confirms_trash/none,1.0,vowel_run,Trash:1|Clear:1,,0.00,,,
POPl ODJEAIU,POPl ODJEAIU,2,census_contested,at_risk/partial,1.0,vowel_run,Noisy:1|Trash:1,popl attested 16x but popi is 249x (stronger-twin),0.50,,,
PPOT,PPOT | Ppot -,2,census_contested,confirms_trash/full,1.0,initial_geminate,Trash:1|Noisy:1,"ppot -> poté (3391, edit1)",1.00,,,
Papaver rhoeas-type,Papaver rhoeas-type | Papaver rhoeas-type 1,2,census_contested,confirms_trash/full,1.0,vowel_run,Trash:1|Noisy:1,,1.00,,,
Pardtbiee,Pardtbiee,2,census_contested,at_risk/none,1.0,vowel_run,Noisy:1|Trash:1,,0.00,,,
Peeat,Peeat | Peeat-,2,census_contested,at_risk/full,1.0,vowel_run,Noisy:1|Trash:1,"peeat -> pečet (55, edit1)",1.00,,,
Podiaus,Podiaus | Podiaus.,2,census_contested,at_risk/none,1.0,vowel_run,Clear:1|Noisy:1,,0.00,,,
Poeet,Poeet | poeet,2,census_contested,confirms_trash/full,1.0,vowel_run,Trash:1|Clear:1,"poeet -> počet (17770, edit1)",1.00,,,
RRNO,RRNO,2,census_contested,at_risk/full,1.0,initial_geminate,Noisy:1|Trash:1,"rrno -> brno (24076, edit1)",1.00,,,
RRob5.,"RRob5. | Rrob .61.,",2,census_contested,confirms_trash/none,1.0,initial_geminate,Trash:1|Noisy:1,,0.00,,,
Radoay!,Radoay! | Radoay§!,2,census_contested,at_risk/none,1.0,vowel_run,Clear:1|Trash:1,,0.00,,,
SONDA CXXXVIII.,SONDA CXXXVIII. | Sonda CXXXVIII 45,2,census_contested,at_risk/full,1.0,"low_variety,triple,vowel_run",Clear:1|Noisy:1,,1.00,,,
SSEK: 19,"SSEK: 19 | ssek, .111",2,census_contested,at_risk/full,1.0,initial_geminate,Noisy:1|Trash:1,"ssek -> úsek (4228, edit1)",1.00,,,
ST.LLSTO,ST.LLSTO | ST.LLSTO- . .,2,census_contested,at_risk/full,1.0,initial_geminate,Noisy:1|Trash:1,"llsto -> listo (40, confusion)",1.00,,,
SUUAT M.,SUUAT M. | SuuAT M:,2,census_contested,at_risk/none,1.0,vowel_run,Noisy:1|Trash:1,,0.00,,,
Stratigraficky nad: loOO,Stratigraficky nad: loOO | Stratigraficky nad: looo,2,census_contested,at_risk/full,1.0,"triple,vowel_run",Noisy:1|Clear:1,,1.00,,,
Svatoslavova,Svatoslavova,2,census_contested,confirms_trash/none,1.0,low_variety,Trash:1|Clear:1,,0.00,,,
TAEOR,TAEOR | TAEOR |,2,census_contested,at_risk/full,1.0,vowel_run,Clear:1|Noisy:1,"taeor -> tajer (255, edit1)",1.00,,,
UOOZ,UOOZ,2,census_contested,confirms_trash/full,1.0,vowel_run,Trash:1|Clear:1,"uooz -> uloz (43, edit1)",1.00,,,
Uloiemna,Uloiemna | Uloiemna 100,2,census_contested,at_risk/full,1.0,vowel_run,Clear:1|Trash:1,"uloiemna -> uložemna (16, edit1)",1.00,,,
VODOVOD ORLOVICE,"VODOVOD ORLOVICE | „Vodovod Orlovice "".",2,census_contested,at_risk/full,1.0,low_variety,Clear:1|Noisy:1,,1.00,,,
Vvkop 1 .,Vvkop 1 . | Vvkop:,2,census_contested,at_risk/full,1.0,initial_geminate,Noisy:1|Clear:1,vvkop attested 30x but vkop is 1400x (stronger-twin),1.00,,,
Vvkopv,Vvkopv | Vvkopv:,2,census_contested,confirms_trash/full,1.0,initial_geminate,Trash:1|Clear:1,"vvkopv -> vvkop (30, edit1)",1.00,,,
"Weisser Feuerstein,","Weisser Feuerstein, | । weisser Feuerstein.",2,census_contested,at_risk/full,1.0,vowel_run,Clear:1|Noisy:1,,1.00,,,
XOVIII: 8,XOVIII: 8 | XOVIII:7,2,census_contested,at_risk/full,1.0,"triple,vowel_run",Noisy:1|Trash:1,"xoviii -> xviii (1567, edit1)",1.00,,,
Z archiyu AfV,Z archiyu AfV | z archiyu AfV,2,census_contested,at_risk/full,1.0,vowel_run,Noisy:1|Trash:1,,1.00,,,
ZauA..,"ZauA.. | zaua 41,",2,census_contested,confirms_trash/full,1.0,vowel_run,Trash:1|Noisy:1,"zaua -> auta (119, edit1)",1.00,,,
\Pooi.,\Pooi. | pooi,2,census_contested,at_risk/full,1.0,vowel_run,Noisy:1|Trash:1,"pooi -> poli (5973, edit1)",1.00,,,
a vodovod,a vodovod | a vodovod“,2,census_contested,at_risk/full,1.0,low_variety,Clear:1|Trash:1,,1.00,,,
aier,aier | aier '6,2,census_contested,at_risk/full,1.0,vowel_run,Clear:1|Noisy:1,"aier -> aber (1232, edit1)",1.00,,,
c-mail: mhauer@zip-ops.cz,c-mail: mhauer@zip-ops.cz,2,census_contested,at_risk/full,1.0,vowel_run,Noisy:1|Trash:1,,1.00,,,
e-mail :viadesigne@viadesigne.eu,e-mail :viadesigne@viadesigne.eu,2,census_contested,confirms_trash/partial,1.0,low_variety,Trash:1|Noisy:1,,0.50,,,
e-mail: praha@archaia.cz,e-mail: praha@archaia.cz,2,census_contested,confirms_trash/full,1.0,"low_variety,vowel_run",Trash:1|Noisy:1,,1.00,,,
gehauen.,gehauen. | gehauen. .,2,census_contested,at_risk/full,1.0,vowel_run,Noisy:1|Trash:1,,1.00,,,
grauem Ton,grauem Ton | grauem Ton -,2,census_contested,at_risk/full,1.0,vowel_run,Clear:1|Trash:1,,1.00,,,
gruoe,gruoe | gruoe •,2,census_contested,confirms_trash/full,1.0,vowel_run,Trash:1|Noisy:1,"gruoe -> grube (667, edit1)",1.00,,,
"gut erhalten,Siedelungsfund,gefunden","gut erhalten,Siedelungsfund,gefunden | gut erhalten,Siedelungsfund,gefunden— ----—",2,census_contested,at_risk/none,1.0,low_variety,Clear:1|Noisy:1,,0.00,,,
hofmagazin b/Rudiay-586,hofmagazin b/Rudiay-586 | — hofmagazin b/Rudiay-586,2,census_contested,at_risk/none,1.0,vowel_run,Noisy:1|Trash:1,,0.00,,,
htp:/www geopraha.cz,htp:/www geopraha.cz,2,census_contested,at_risk/none,1.0,triple,Noisy:1|Trash:1,,0.00,,,
http://www.castles.cz/tvrz-kolicin/,http://www.castles.cz/tvrz-kolicin/,2,census_contested,at_risk/partial,1.0,triple,Noisy:1|Trash:1,"kolicin -> kolmici (48, edit1)",0.75,,,
http://www.ceskehory.czZj eseniky/pruvodce-hruby-j esenik.html,http://www.ceskehory.czZj eseniky/pruvodce-hruby-j esenik.html,2,census_contested,at_risk/partial,1.0,triple,Noisy:1|Trash:1,hruby attested 98x but hrubý is 8716x (diacritics),0.43,,,
http://www.obecsemanin.cz/o-obci/historie-pamatky-znak-zajimavosti/,http://www.obecsemanin.cz/o-obci/historie-pamatky-znak-zajimavosti/ | http://www.obecsemanin.cz/o-obci/historie-pamatky-znak-zajimavosti/).,2,census_contested,confirms_trash/partial,1.0,triple,Trash:1|Noisy:1,"pamatky attested 35x but památky is 4782x (diacritics); zajimavosti -> zajímavostí (306, diacritics)",0.83,,,
https://historickecihly.cz/databaze/; http://www.laterarius.cz/),https://historickecihly.cz/databaze/; http://www.laterarius.cz/) | https://historickecihly.cz/databaze/; http://www.laterarius.cz/) 17,2,census_contested,confirms_trash/partial,1.0,triple,Trash:1|Noisy:1,,0.25,,,
lokalito: Smoiin 2,lokalito: Smoiin 2,2,census_contested,confirms_trash/partial,1.0,vowel_run,Trash:1|Noisy:1,,0.50,,,
mmgb,mmgb,2,census_contested,at_risk/full,1.0,initial_geminate,Noisy:1|Trash:1,"mmgb -> mumb (82, edit1)",1.00,,,
nnAL,nnAL | nnal,2,census_contested,confirms_trash/full,1.0,initial_geminate,Trash:1|Clear:1,"nnal -> anna (678, edit1)",1.00,,,
oeccce,oeccce | oeccce 302242*7%,2,census_contested,at_risk/none,1.0,triple,Clear:1|Trash:1,,0.00,,,
rrlonY:,rrlonY: | rrlony,2,census_contested,confirms_trash/none,1.0,initial_geminate,Trash:1|Clear:1,,0.00,,,
soui.Uh. Ostroh,soui.Uh. Ostroh | soui.Uh. Ostroh ',2,census_contested,at_risk/full,1.0,vowel_run,Clear:1|Noisy:1,"soui -> jsou (27783, edit1)",1.00,,,
tislo NN/sondy: j,tislo NN/sondy: j | tislo NN/sondy: j580,2,census_contested,at_risk/full,1.0,initial_geminate,Noisy:1|Trash:1,,1.00,,,
trasa vodovodu,trasa vodovodu,2,census_contested,at_risk/full,1.0,low_variety,Noisy:1|Trash:1,,1.00,,,
viAil uu -U,viAil uu -U | viail uu -U,2,census_contested,confirms_trash/full,1.0,vowel_run,Trash:1|Noisy:1,"viail -> viil (56, edit1)",1.00,,,
wwto &4,wwto &4 | wwto 4,2,census_contested,confirms_trash/none,1.0,initial_geminate,Trash:1|Noisy:1,,0.00,,,
| Dauerlei he,| Dauerlei he | • Dauerlei he,2,census_contested,confirms_trash/none,1.0,vowel_run,Trash:1|Noisy:1,,0.00,,,
